sales_id,medicine_id,medicine_name,category,sale_date,quantity_sold
1,1,Paracetamol 650mg (Dolo),Analgesic / Antipyretic,2025-10-09,45
2,2,Amoxicillin 500mg,Antibiotic,2025-10-09,27
3,3,Metformin 500mg,Antidiabetic,2025-10-09,34
4,4,Cetirizine 10mg,Antihistamine / Allergy,2025-10-09,23
5,5,Azithromycin 500mg,Antibiotic,2025-10-09,13
6,6,Atorvastatin 20mg,Cardiovascular,2025-10-09,23
7,7,Pantoprazole 40mg,Antacid / Gastrointestinal,2025-10-09,42
8,8,Cough Syrup 100ml (Ascoril),Respiratory / Antitussive,2025-10-09,25
9,9,Insulin Glargine 100IU/ml,Antidiabetic / Injectable,2025-10-09,6
10,10,ORS Electrolyte Powder Sachets,Hydration / Gastrointestinal,2025-10-09,27
11,11,Ibuprofen 400mg,Analgesic / NSAID,2025-10-09,17
12,12,Amlodipine 5mg,Antihypertensive,2025-10-09,23
13,1,Paracetamol 650mg (Dolo),Analgesic / Antipyretic,2025-10-10,44
14,2,Amoxicillin 500mg,Antibiotic,2025-10-10,18
15,3,Metformin 500mg,Antidiabetic,2025-10-10,21
16,4,Cetirizine 10mg,Antihistamine / Allergy,2025-10-10,16
17,5,Azithromycin 500mg,Antibiotic,2025-10-10,11
18,6,Atorvastatin 20mg,Cardiovascular,2025-10-10,42
19,7,Pantoprazole 40mg,Antacid / Gastrointestinal,2025-10-10,27
20,8,Cough Syrup 100ml (Ascoril),Respiratory / Antitussive,2025-10-10,16
21,9,Insulin Glargine 100IU/ml,Antidiabetic / Injectable,2025-10-10,10
22,10,ORS Electrolyte Powder Sachets,Hydration / Gastrointestinal,2025-10-10,23
23,11,Ibuprofen 400mg,Analgesic / NSAID,2025-10-10,19
24,12,Amlodipine 5mg,Antihypertensive,2025-10-10,18
25,1,Paracetamol 650mg (Dolo),Analgesic / Antipyretic,2025-10-11,44
26,2,Amoxicillin 500mg,Antibiotic,2025-10-11,33
27,3,Metformin 500mg,Antidiabetic,2025-10-11,28
28,4,Cetirizine 10mg,Antihistamine / Allergy,2025-10-11,22
29,5,Azithromycin 500mg,Antibiotic,2025-10-11,14
30,6,Atorvastatin 20mg,Cardiovascular,2025-10-11,26
31,7,Pantoprazole 40mg,Antacid / Gastrointestinal,2025-10-11,33
32,8,Cough Syrup 100ml (Ascoril),Respiratory / Antitussive,2025-10-11,34
33,9,Insulin Glargine 100IU/ml,Antidiabetic / Injectable,2025-10-11,8
34,10,ORS Electrolyte Powder Sachets,Hydration / Gastrointestinal,2025-10-11,23
35,11,Ibuprofen 400mg,Analgesic / NSAID,2025-10-11,25
36,12,Amlodipine 5mg,Antihypertensive,2025-10-11,23
37,1,Paracetamol 650mg (Dolo),Analgesic / Antipyretic,2025-10-12,36
38,2,Amoxicillin 500mg,Antibiotic,2025-10-12,15
39,3,Metformin 500mg,Antidiabetic,2025-10-12,19
40,4,Cetirizine 10mg,Antihistamine / Allergy,2025-10-12,15
41,5,Azithromycin 500mg,Antibiotic,2025-10-12,12
42,6,Atorvastatin 20mg,Cardiovascular,2025-10-12,21
43,7,Pantoprazole 40mg,Antacid / Gastrointestinal,2025-10-12,26
44,8,Cough Syrup 100ml (Ascoril),Respiratory / Antitussive,2025-10-12,17
45,9,Insulin Glargine 100IU/ml,Antidiabetic / Injectable,2025-10-12,2
46,10,ORS Electrolyte Powder Sachets,Hydration / Gastrointestinal,2025-10-12,18
47,11,Ibuprofen 400mg,Analgesic / NSAID,2025-10-12,14
48,12,Amlodipine 5mg,Antihypertensive,2025-10-12,25
49,1,Paracetamol 650mg (Dolo),Analgesic / Antipyretic,2025-10-13,44
50,2,Amoxicillin 500mg,Antibiotic,2025-10-13,19
51,3,Metformin 500mg,Antidiabetic,2025-10-13,32
52,4,Cetirizine 10mg,Antihistamine / Allergy,2025-10-13,17
53,5,Azithromycin 500mg,Antibiotic,2025-10-13,11
54,6,Atorvastatin 20mg,Cardiovascular,2025-10-13,27
55,7,Pantoprazole 40mg,Antacid / Gastrointestinal,2025-10-13,38
56,8,Cough Syrup 100ml (Ascoril),Respiratory / Antitussive,2025-10-13,25
57,9,Insulin Glargine 100IU/ml,Antidiabetic / Injectable,2025-10-13,5
58,10,ORS Electrolyte Powder Sachets,Hydration / Gastrointestinal,2025-10-13,23
59,11,Ibuprofen 400mg,Analgesic / NSAID,2025-10-13,20
60,12,Amlodipine 5mg,Antihypertensive,2025-10-13,29
61,1,Paracetamol 650mg (Dolo),Analgesic / Antipyretic,2025-10-14,38
62,2,Amoxicillin 500mg,Antibiotic,2025-10-14,27
63,3,Metformin 500mg,Antidiabetic,2025-10-14,24
64,4,Cetirizine 10mg,Antihistamine / Allergy,2025-10-14,14
65,5,Azithromycin 500mg,Antibiotic,2025-10-14,15
66,6,Atorvastatin 20mg,Cardiovascular,2025-10-14,30
67,7,Pantoprazole 40mg,Antacid / Gastrointestinal,2025-10-14,32
68,8,Cough Syrup 100ml (Ascoril),Respiratory / Antitussive,2025-10-14,26
69,9,Insulin Glargine 100IU/ml,Antidiabetic / Injectable,2025-10-14,7
70,10,ORS Electrolyte Powder Sachets,Hydration / Gastrointestinal,2025-10-14,22
71,11,Ibuprofen 400mg,Analgesic / NSAID,2025-10-14,20
72,12,Amlodipine 5mg,Antihypertensive,2025-10-14,32
73,1,Paracetamol 650mg (Dolo),Analgesic / Antipyretic,2025-10-15,41
74,2,Amoxicillin 500mg,Antibiotic,2025-10-15,35
75,3,Metformin 500mg,Antidiabetic,2025-10-15,16
76,4,Cetirizine 10mg,Antihistamine / Allergy,2025-10-15,21
77,5,Azithromycin 500mg,Antibiotic,2025-10-15,14
78,6,Atorvastatin 20mg,Cardiovascular,2025-10-15,23
79,7,Pantoprazole 40mg,Antacid / Gastrointestinal,2025-10-15,33
80,8,Cough Syrup 100ml (Ascoril),Respiratory / Antitussive,2025-10-15,14
81,9,Insulin Glargine 100IU/ml,Antidiabetic / Injectable,2025-10-15,6
82,10,ORS Electrolyte Powder Sachets,Hydration / Gastrointestinal,2025-10-15,26
83,11,Ibuprofen 400mg,Analgesic / NSAID,2025-10-15,24
84,12,Amlodipine 5mg,Antihypertensive,2025-10-15,23
85,1,Paracetamol 650mg (Dolo),Analgesic / Antipyretic,2025-10-16,36
86,2,Amoxicillin 500mg,Antibiotic,2025-10-16,25
87,3,Metformin 500mg,Antidiabetic,2025-10-16,35
88,4,Cetirizine 10mg,Antihistamine / Allergy,2025-10-16,19
89,5,Azithromycin 500mg,Antibiotic,2025-10-16,12
90,6,Atorvastatin 20mg,Cardiovascular,2025-10-16,26
91,7,Pantoprazole 40mg,Antacid / Gastrointestinal,2025-10-16,33
92,8,Cough Syrup 100ml (Ascoril),Respiratory / Antitussive,2025-10-16,26
93,9,Insulin Glargine 100IU/ml,Antidiabetic / Injectable,2025-10-16,10
94,10,ORS Electrolyte Powder Sachets,Hydration / Gastrointestinal,2025-10-16,23
95,11,Ibuprofen 400mg,Analgesic / NSAID,2025-10-16,18
96,12,Amlodipine 5mg,Antihypertensive,2025-10-16,18
97,1,Paracetamol 650mg (Dolo),Analgesic / Antipyretic,2025-10-17,44
98,2,Amoxicillin 500mg,Antibiotic,2025-10-17,29
99,3,Metformin 500mg,Antidiabetic,2025-10-17,30
100,4,Cetirizine 10mg,Antihistamine / Allergy,2025-10-17,17
101,5,Azithromycin 500mg,Antibiotic,2025-10-17,10
102,6,Atorvastatin 20mg,Cardiovascular,2025-10-17,22
103,7,Pantoprazole 40mg,Antacid / Gastrointestinal,2025-10-17,30
104,8,Cough Syrup 100ml (Ascoril),Respiratory / Antitussive,2025-10-17,19
105,9,Insulin Glargine 100IU/ml,Antidiabetic / Injectable,2025-10-17,6
106,10,ORS Electrolyte Powder Sachets,Hydration / Gastrointestinal,2025-10-17,26
107,11,Ibuprofen 400mg,Analgesic / NSAID,2025-10-17,25
108,12,Amlodipine 5mg,Antihypertensive,2025-10-17,26
109,1,Paracetamol 650mg (Dolo),Analgesic / Antipyretic,2025-10-18,51
110,2,Amoxicillin 500mg,Antibiotic,2025-10-18,31
111,3,Metformin 500mg,Antidiabetic,2025-10-18,23
112,4,Cetirizine 10mg,Antihistamine / Allergy,2025-10-18,21
113,5,Azithromycin 500mg,Antibiotic,2025-10-18,16
114,6,Atorvastatin 20mg,Cardiovascular,2025-10-18,40
115,7,Pantoprazole 40mg,Antacid / Gastrointestinal,2025-10-18,60
116,8,Cough Syrup 100ml (Ascoril),Respiratory / Antitussive,2025-10-18,27
117,9,Insulin Glargine 100IU/ml,Antidiabetic / Injectable,2025-10-18,13
118,10,ORS Electrolyte Powder Sachets,Hydration / Gastrointestinal,2025-10-18,22
119,11,Ibuprofen 400mg,Analgesic / NSAID,2025-10-18,27
120,12,Amlodipine 5mg,Antihypertensive,2025-10-18,33
121,1,Paracetamol 650mg (Dolo),Analgesic / Antipyretic,2025-10-19,40
122,2,Amoxicillin 500mg,Antibiotic,2025-10-19,19
123,3,Metformin 500mg,Antidiabetic,2025-10-19,31
124,4,Cetirizine 10mg,Antihistamine / Allergy,2025-10-19,11
125,5,Azithromycin 500mg,Antibiotic,2025-10-19,12
126,6,Atorvastatin 20mg,Cardiovascular,2025-10-19,28
127,7,Pantoprazole 40mg,Antacid / Gastrointestinal,2025-10-19,22
128,8,Cough Syrup 100ml (Ascoril),Respiratory / Antitussive,2025-10-19,16
129,9,Insulin Glargine 100IU/ml,Antidiabetic / Injectable,2025-10-19,6
130,10,ORS Electrolyte Powder Sachets,Hydration / Gastrointestinal,2025-10-19,18
131,11,Ibuprofen 400mg,Analgesic / NSAID,2025-10-19,11
132,12,Amlodipine 5mg,Antihypertensive,2025-10-19,21
133,1,Paracetamol 650mg (Dolo),Analgesic / Antipyretic,2025-10-20,34
134,2,Amoxicillin 500mg,Antibiotic,2025-10-20,30
135,3,Metformin 500mg,Antidiabetic,2025-10-20,25
136,4,Cetirizine 10mg,Antihistamine / Allergy,2025-10-20,23
137,5,Azithromycin 500mg,Antibiotic,2025-10-20,12
138,6,Atorvastatin 20mg,Cardiovascular,2025-10-20,23
139,7,Pantoprazole 40mg,Antacid / Gastrointestinal,2025-10-20,37
140,8,Cough Syrup 100ml (Ascoril),Respiratory / Antitussive,2025-10-20,17
141,9,Insulin Glargine 100IU/ml,Antidiabetic / Injectable,2025-10-20,7
142,10,ORS Electrolyte Powder Sachets,Hydration / Gastrointestinal,2025-10-20,30
143,11,Ibuprofen 400mg,Analgesic / NSAID,2025-10-20,13
144,12,Amlodipine 5mg,Antihypertensive,2025-10-20,26
145,1,Paracetamol 650mg (Dolo),Analgesic / Antipyretic,2025-10-21,44
146,2,Amoxicillin 500mg,Antibiotic,2025-10-21,31
147,3,Metformin 500mg,Antidiabetic,2025-10-21,23
148,4,Cetirizine 10mg,Antihistamine / Allergy,2025-10-21,13
149,5,Azithromycin 500mg,Antibiotic,2025-10-21,14
150,6,Atorvastatin 20mg,Cardiovascular,2025-10-21,25
151,7,Pantoprazole 40mg,Antacid / Gastrointestinal,2025-10-21,34
152,8,Cough Syrup 100ml (Ascoril),Respiratory / Antitussive,2025-10-21,23
153,9,Insulin Glargine 100IU/ml,Antidiabetic / Injectable,2025-10-21,5
154,10,ORS Electrolyte Powder Sachets,Hydration / Gastrointestinal,2025-10-21,26
155,11,Ibuprofen 400mg,Analgesic / NSAID,2025-10-21,20
156,12,Amlodipine 5mg,Antihypertensive,2025-10-21,22
157,1,Paracetamol 650mg (Dolo),Analgesic / Antipyretic,2025-10-22,56
158,2,Amoxicillin 500mg,Antibiotic,2025-10-22,30
159,3,Metformin 500mg,Antidiabetic,2025-10-22,24
160,4,Cetirizine 10mg,Antihistamine / Allergy,2025-10-22,20
161,5,Azithromycin 500mg,Antibiotic,2025-10-22,11
162,6,Atorvastatin 20mg,Cardiovascular,2025-10-22,27
163,7,Pantoprazole 40mg,Antacid / Gastrointestinal,2025-10-22,39
164,8,Cough Syrup 100ml (Ascoril),Respiratory / Antitussive,2025-10-22,18
165,9,Insulin Glargine 100IU/ml,Antidiabetic / Injectable,2025-10-22,9
166,10,ORS Electrolyte Powder Sachets,Hydration / Gastrointestinal,2025-10-22,26
167,11,Ibuprofen 400mg,Analgesic / NSAID,2025-10-22,22
168,12,Amlodipine 5mg,Antihypertensive,2025-10-22,34
169,1,Paracetamol 650mg (Dolo),Analgesic / Antipyretic,2025-10-23,40
170,2,Amoxicillin 500mg,Antibiotic,2025-10-23,24
171,3,Metformin 500mg,Antidiabetic,2025-10-23,25
172,4,Cetirizine 10mg,Antihistamine / Allergy,2025-10-23,15
173,5,Azithromycin 500mg,Antibiotic,2025-10-23,14
174,6,Atorvastatin 20mg,Cardiovascular,2025-10-23,25
175,7,Pantoprazole 40mg,Antacid / Gastrointestinal,2025-10-23,34
176,8,Cough Syrup 100ml (Ascoril),Respiratory / Antitussive,2025-10-23,25
177,9,Insulin Glargine 100IU/ml,Antidiabetic / Injectable,2025-10-23,7
178,10,ORS Electrolyte Powder Sachets,Hydration / Gastrointestinal,2025-10-23,31
179,11,Ibuprofen 400mg,Analgesic / NSAID,2025-10-23,18
180,12,Amlodipine 5mg,Antihypertensive,2025-10-23,37
181,1,Paracetamol 650mg (Dolo),Analgesic / Antipyretic,2025-10-24,46
182,2,Amoxicillin 500mg,Antibiotic,2025-10-24,23
183,3,Metformin 500mg,Antidiabetic,2025-10-24,24
184,4,Cetirizine 10mg,Antihistamine / Allergy,2025-10-24,19
185,5,Azithromycin 500mg,Antibiotic,2025-10-24,13
186,6,Atorvastatin 20mg,Cardiovascular,2025-10-24,27
187,7,Pantoprazole 40mg,Antacid / Gastrointestinal,2025-10-24,35
188,8,Cough Syrup 100ml (Ascoril),Respiratory / Antitussive,2025-10-24,21
189,9,Insulin Glargine 100IU/ml,Antidiabetic / Injectable,2025-10-24,5
190,10,ORS Electrolyte Powder Sachets,Hydration / Gastrointestinal,2025-10-24,18
191,11,Ibuprofen 400mg,Analgesic / NSAID,2025-10-24,17
192,12,Amlodipine 5mg,Antihypertensive,2025-10-24,29
193,1,Paracetamol 650mg (Dolo),Analgesic / Antipyretic,2025-10-25,50
194,2,Amoxicillin 500mg,Antibiotic,2025-10-25,24
195,3,Metformin 500mg,Antidiabetic,2025-10-25,36
196,4,Cetirizine 10mg,Antihistamine / Allergy,2025-10-25,22
197,5,Azithromycin 500mg,Antibiotic,2025-10-25,13
198,6,Atorvastatin 20mg,Cardiovascular,2025-10-25,29
199,7,Pantoprazole 40mg,Antacid / Gastrointestinal,2025-10-25,38
200,8,Cough Syrup 100ml (Ascoril),Respiratory / Antitussive,2025-10-25,20
201,9,Insulin Glargine 100IU/ml,Antidiabetic / Injectable,2025-10-25,8
202,10,ORS Electrolyte Powder Sachets,Hydration / Gastrointestinal,2025-10-25,31
203,11,Ibuprofen 400mg,Analgesic / NSAID,2025-10-25,26
204,12,Amlodipine 5mg,Antihypertensive,2025-10-25,35
205,1,Paracetamol 650mg (Dolo),Analgesic / Antipyretic,2025-10-26,26
206,2,Amoxicillin 500mg,Antibiotic,2025-10-26,19
207,3,Metformin 500mg,Antidiabetic,2025-10-26,27
208,4,Cetirizine 10mg,Antihistamine / Allergy,2025-10-26,16
209,5,Azithromycin 500mg,Antibiotic,2025-10-26,12
210,6,Atorvastatin 20mg,Cardiovascular,2025-10-26,34
211,7,Pantoprazole 40mg,Antacid / Gastrointestinal,2025-10-26,30
212,8,Cough Syrup 100ml (Ascoril),Respiratory / Antitussive,2025-10-26,22
213,9,Insulin Glargine 100IU/ml,Antidiabetic / Injectable,2025-10-26,7
214,10,ORS Electrolyte Powder Sachets,Hydration / Gastrointestinal,2025-10-26,23
215,11,Ibuprofen 400mg,Analgesic / NSAID,2025-10-26,15
216,12,Amlodipine 5mg,Antihypertensive,2025-10-26,24
217,1,Paracetamol 650mg (Dolo),Analgesic / Antipyretic,2025-10-27,36
218,2,Amoxicillin 500mg,Antibiotic,2025-10-27,26
219,3,Metformin 500mg,Antidiabetic,2025-10-27,32
220,4,Cetirizine 10mg,Antihistamine / Allergy,2025-10-27,18
221,5,Azithromycin 500mg,Antibiotic,2025-10-27,19
222,6,Atorvastatin 20mg,Cardiovascular,2025-10-27,18
223,7,Pantoprazole 40mg,Antacid / Gastrointestinal,2025-10-27,36
224,8,Cough Syrup 100ml (Ascoril),Respiratory / Antitussive,2025-10-27,15
225,9,Insulin Glargine 100IU/ml,Antidiabetic / Injectable,2025-10-27,7
226,10,ORS Electrolyte Powder Sachets,Hydration / Gastrointestinal,2025-10-27,29
227,11,Ibuprofen 400mg,Analgesic / NSAID,2025-10-27,22
228,12,Amlodipine 5mg,Antihypertensive,2025-10-27,23
229,1,Paracetamol 650mg (Dolo),Analgesic / Antipyretic,2025-10-28,36
230,2,Amoxicillin 500mg,Antibiotic,2025-10-28,30
231,3,Metformin 500mg,Antidiabetic,2025-10-28,30
232,4,Cetirizine 10mg,Antihistamine / Allergy,2025-10-28,19
233,5,Azithromycin 500mg,Antibiotic,2025-10-28,14
234,6,Atorvastatin 20mg,Cardiovascular,2025-10-28,24
235,7,Pantoprazole 40mg,Antacid / Gastrointestinal,2025-10-28,45
236,8,Cough Syrup 100ml (Ascoril),Respiratory / Antitussive,2025-10-28,24
237,9,Insulin Glargine 100IU/ml,Antidiabetic / Injectable,2025-10-28,4
238,10,ORS Electrolyte Powder Sachets,Hydration / Gastrointestinal,2025-10-28,25
239,11,Ibuprofen 400mg,Analgesic / NSAID,2025-10-28,19
240,12,Amlodipine 5mg,Antihypertensive,2025-10-28,33
241,1,Paracetamol 650mg (Dolo),Analgesic / Antipyretic,2025-10-29,36
242,2,Amoxicillin 500mg,Antibiotic,2025-10-29,26
243,3,Metformin 500mg,Antidiabetic,2025-10-29,38
244,4,Cetirizine 10mg,Antihistamine / Allergy,2025-10-29,21
245,5,Azithromycin 500mg,Antibiotic,2025-10-29,11
246,6,Atorvastatin 20mg,Cardiovascular,2025-10-29,26
247,7,Pantoprazole 40mg,Antacid / Gastrointestinal,2025-10-29,30
248,8,Cough Syrup 100ml (Ascoril),Respiratory / Antitussive,2025-10-29,19
249,9,Insulin Glargine 100IU/ml,Antidiabetic / Injectable,2025-10-29,17
250,10,ORS Electrolyte Powder Sachets,Hydration / Gastrointestinal,2025-10-29,26
251,11,Ibuprofen 400mg,Analgesic / NSAID,2025-10-29,17
252,12,Amlodipine 5mg,Antihypertensive,2025-10-29,34
253,1,Paracetamol 650mg (Dolo),Analgesic / Antipyretic,2025-10-30,58
254,2,Amoxicillin 500mg,Antibiotic,2025-10-30,32
255,3,Metformin 500mg,Antidiabetic,2025-10-30,25
256,4,Cetirizine 10mg,Antihistamine / Allergy,2025-10-30,16
257,5,Azithromycin 500mg,Antibiotic,2025-10-30,17
258,6,Atorvastatin 20mg,Cardiovascular,2025-10-30,24
259,7,Pantoprazole 40mg,Antacid / Gastrointestinal,2025-10-30,35
260,8,Cough Syrup 100ml (Ascoril),Respiratory / Antitussive,2025-10-30,25
261,9,Insulin Glargine 100IU/ml,Antidiabetic / Injectable,2025-10-30,6
262,10,ORS Electrolyte Powder Sachets,Hydration / Gastrointestinal,2025-10-30,24
263,11,Ibuprofen 400mg,Analgesic / NSAID,2025-10-30,9
264,12,Amlodipine 5mg,Antihypertensive,2025-10-30,23
265,1,Paracetamol 650mg (Dolo),Analgesic / Antipyretic,2025-10-31,40
266,2,Amoxicillin 500mg,Antibiotic,2025-10-31,21
267,3,Metformin 500mg,Antidiabetic,2025-10-31,45
268,4,Cetirizine 10mg,Antihistamine / Allergy,2025-10-31,13
269,5,Azithromycin 500mg,Antibiotic,2025-10-31,12
270,6,Atorvastatin 20mg,Cardiovascular,2025-10-31,28
271,7,Pantoprazole 40mg,Antacid / Gastrointestinal,2025-10-31,41
272,8,Cough Syrup 100ml (Ascoril),Respiratory / Antitussive,2025-10-31,16
273,9,Insulin Glargine 100IU/ml,Antidiabetic / Injectable,2025-10-31,10
274,10,ORS Electrolyte Powder Sachets,Hydration / Gastrointestinal,2025-10-31,25
275,11,Ibuprofen 400mg,Analgesic / NSAID,2025-10-31,30
276,12,Amlodipine 5mg,Antihypertensive,2025-10-31,31
277,1,Paracetamol 650mg (Dolo),Analgesic / Antipyretic,2025-11-01,56
278,2,Amoxicillin 500mg,Antibiotic,2025-11-01,27
279,3,Metformin 500mg,Antidiabetic,2025-11-01,41
280,4,Cetirizine 10mg,Antihistamine / Allergy,2025-11-01,19
281,5,Azithromycin 500mg,Antibiotic,2025-11-01,28
282,6,Atorvastatin 20mg,Cardiovascular,2025-11-01,36
283,7,Pantoprazole 40mg,Antacid / Gastrointestinal,2025-11-01,48
284,8,Cough Syrup 100ml (Ascoril),Respiratory / Antitussive,2025-11-01,22
285,9,Insulin Glargine 100IU/ml,Antidiabetic / Injectable,2025-11-01,13
286,10,ORS Electrolyte Powder Sachets,Hydration / Gastrointestinal,2025-11-01,18
287,11,Ibuprofen 400mg,Analgesic / NSAID,2025-11-01,25
288,12,Amlodipine 5mg,Antihypertensive,2025-11-01,37
289,1,Paracetamol 650mg (Dolo),Analgesic / Antipyretic,2025-11-02,41
290,2,Amoxicillin 500mg,Antibiotic,2025-11-02,19
291,3,Metformin 500mg,Antidiabetic,2025-11-02,28
292,4,Cetirizine 10mg,Antihistamine / Allergy,2025-11-02,13
293,5,Azithromycin 500mg,Antibiotic,2025-11-02,17
294,6,Atorvastatin 20mg,Cardiovascular,2025-11-02,27
295,7,Pantoprazole 40mg,Antacid / Gastrointestinal,2025-11-02,29
296,8,Cough Syrup 100ml (Ascoril),Respiratory / Antitussive,2025-11-02,18
297,9,Insulin Glargine 100IU/ml,Antidiabetic / Injectable,2025-11-02,8
298,10,ORS Electrolyte Powder Sachets,Hydration / Gastrointestinal,2025-11-02,21
299,11,Ibuprofen 400mg,Analgesic / NSAID,2025-11-02,21
300,12,Amlodipine 5mg,Antihypertensive,2025-11-02,27
301,1,Paracetamol 650mg (Dolo),Analgesic / Antipyretic,2025-11-03,39
302,2,Amoxicillin 500mg,Antibiotic,2025-11-03,24
303,3,Metformin 500mg,Antidiabetic,2025-11-03,39
304,4,Cetirizine 10mg,Antihistamine / Allergy,2025-11-03,20
305,5,Azithromycin 500mg,Antibiotic,2025-11-03,25
306,6,Atorvastatin 20mg,Cardiovascular,2025-11-03,28
307,7,Pantoprazole 40mg,Antacid / Gastrointestinal,2025-11-03,40
308,8,Cough Syrup 100ml (Ascoril),Respiratory / Antitussive,2025-11-03,22
309,9,Insulin Glargine 100IU/ml,Antidiabetic / Injectable,2025-11-03,9
310,10,ORS Electrolyte Powder Sachets,Hydration / Gastrointestinal,2025-11-03,24
311,11,Ibuprofen 400mg,Analgesic / NSAID,2025-11-03,21
312,12,Amlodipine 5mg,Antihypertensive,2025-11-03,35
313,1,Paracetamol 650mg (Dolo),Analgesic / Antipyretic,2025-11-04,53
314,2,Amoxicillin 500mg,Antibiotic,2025-11-04,30
315,3,Metformin 500mg,Antidiabetic,2025-11-04,43
316,4,Cetirizine 10mg,Antihistamine / Allergy,2025-11-04,18
317,5,Azithromycin 500mg,Antibiotic,2025-11-04,24
318,6,Atorvastatin 20mg,Cardiovascular,2025-11-04,26
319,7,Pantoprazole 40mg,Antacid / Gastrointestinal,2025-11-04,34
320,8,Cough Syrup 100ml (Ascoril),Respiratory / Antitussive,2025-11-04,24
321,9,Insulin Glargine 100IU/ml,Antidiabetic / Injectable,2025-11-04,8
322,10,ORS Electrolyte Powder Sachets,Hydration / Gastrointestinal,2025-11-04,27
323,11,Ibuprofen 400mg,Analgesic / NSAID,2025-11-04,19
324,12,Amlodipine 5mg,Antihypertensive,2025-11-04,40
325,1,Paracetamol 650mg (Dolo),Analgesic / Antipyretic,2025-11-05,38
326,2,Amoxicillin 500mg,Antibiotic,2025-11-05,20
327,3,Metformin 500mg,Antidiabetic,2025-11-05,42
328,4,Cetirizine 10mg,Antihistamine / Allergy,2025-11-05,20
329,5,Azithromycin 500mg,Antibiotic,2025-11-05,25
330,6,Atorvastatin 20mg,Cardiovascular,2025-11-05,31
331,7,Pantoprazole 40mg,Antacid / Gastrointestinal,2025-11-05,32
332,8,Cough Syrup 100ml (Ascoril),Respiratory / Antitussive,2025-11-05,20
333,9,Insulin Glargine 100IU/ml,Antidiabetic / Injectable,2025-11-05,8
334,10,ORS Electrolyte Powder Sachets,Hydration / Gastrointestinal,2025-11-05,21
335,11,Ibuprofen 400mg,Analgesic / NSAID,2025-11-05,26
336,12,Amlodipine 5mg,Antihypertensive,2025-11-05,28
337,1,Paracetamol 650mg (Dolo),Analgesic / Antipyretic,2025-11-06,39
338,2,Amoxicillin 500mg,Antibiotic,2025-11-06,24
339,3,Metformin 500mg,Antidiabetic,2025-11-06,32
340,4,Cetirizine 10mg,Antihistamine / Allergy,2025-11-06,16
341,5,Azithromycin 500mg,Antibiotic,2025-11-06,18
342,6,Atorvastatin 20mg,Cardiovascular,2025-11-06,25
343,7,Pantoprazole 40mg,Antacid / Gastrointestinal,2025-11-06,34
344,8,Cough Syrup 100ml (Ascoril),Respiratory / Antitussive,2025-11-06,22
345,9,Insulin Glargine 100IU/ml,Antidiabetic / Injectable,2025-11-06,6
346,10,ORS Electrolyte Powder Sachets,Hydration / Gastrointestinal,2025-11-06,26
347,11,Ibuprofen 400mg,Analgesic / NSAID,2025-11-06,14
348,12,Amlodipine 5mg,Antihypertensive,2025-11-06,19
349,1,Paracetamol 650mg (Dolo),Analgesic / Antipyretic,2025-11-07,40
350,2,Amoxicillin 500mg,Antibiotic,2025-11-07,25
351,3,Metformin 500mg,Antidiabetic,2025-11-07,32
352,4,Cetirizine 10mg,Antihistamine / Allergy,2025-11-07,23
353,5,Azithromycin 500mg,Antibiotic,2025-11-07,26
354,6,Atorvastatin 20mg,Cardiovascular,2025-11-07,23
355,7,Pantoprazole 40mg,Antacid / Gastrointestinal,2025-11-07,32
356,8,Cough Syrup 100ml (Ascoril),Respiratory / Antitussive,2025-11-07,20
357,9,Insulin Glargine 100IU/ml,Antidiabetic / Injectable,2025-11-07,7
358,10,ORS Electrolyte Powder Sachets,Hydration / Gastrointestinal,2025-11-07,23
359,11,Ibuprofen 400mg,Analgesic / NSAID,2025-11-07,20
360,12,Amlodipine 5mg,Antihypertensive,2025-11-07,21
361,1,Paracetamol 650mg (Dolo),Analgesic / Antipyretic,2025-11-08,59
362,2,Amoxicillin 500mg,Antibiotic,2025-11-08,38
363,3,Metformin 500mg,Antidiabetic,2025-11-08,34
364,4,Cetirizine 10mg,Antihistamine / Allergy,2025-11-08,22
365,5,Azithromycin 500mg,Antibiotic,2025-11-08,28
366,6,Atorvastatin 20mg,Cardiovascular,2025-11-08,26
367,7,Pantoprazole 40mg,Antacid / Gastrointestinal,2025-11-08,39
368,8,Cough Syrup 100ml (Ascoril),Respiratory / Antitussive,2025-11-08,28
369,9,Insulin Glargine 100IU/ml,Antidiabetic / Injectable,2025-11-08,8
370,10,ORS Electrolyte Powder Sachets,Hydration / Gastrointestinal,2025-11-08,24
371,11,Ibuprofen 400mg,Analgesic / NSAID,2025-11-08,22
372,12,Amlodipine 5mg,Antihypertensive,2025-11-08,32
373,1,Paracetamol 650mg (Dolo),Analgesic / Antipyretic,2025-11-09,49
374,2,Amoxicillin 500mg,Antibiotic,2025-11-09,25
375,3,Metformin 500mg,Antidiabetic,2025-11-09,35
376,4,Cetirizine 10mg,Antihistamine / Allergy,2025-11-09,13
377,5,Azithromycin 500mg,Antibiotic,2025-11-09,23
378,6,Atorvastatin 20mg,Cardiovascular,2025-11-09,21
379,7,Pantoprazole 40mg,Antacid / Gastrointestinal,2025-11-09,38
380,8,Cough Syrup 100ml (Ascoril),Respiratory / Antitussive,2025-11-09,17
381,9,Insulin Glargine 100IU/ml,Antidiabetic / Injectable,2025-11-09,4
382,10,ORS Electrolyte Powder Sachets,Hydration / Gastrointestinal,2025-11-09,18
383,11,Ibuprofen 400mg,Analgesic / NSAID,2025-11-09,9
384,12,Amlodipine 5mg,Antihypertensive,2025-11-09,19
385,1,Paracetamol 650mg (Dolo),Analgesic / Antipyretic,2025-11-10,40
386,2,Amoxicillin 500mg,Antibiotic,2025-11-10,26
387,3,Metformin 500mg,Antidiabetic,2025-11-10,32
388,4,Cetirizine 10mg,Antihistamine / Allergy,2025-11-10,24
389,5,Azithromycin 500mg,Antibiotic,2025-11-10,27
390,6,Atorvastatin 20mg,Cardiovascular,2025-11-10,21
391,7,Pantoprazole 40mg,Antacid / Gastrointestinal,2025-11-10,27
392,8,Cough Syrup 100ml (Ascoril),Respiratory / Antitussive,2025-11-10,26
393,9,Insulin Glargine 100IU/ml,Antidiabetic / Injectable,2025-11-10,4
394,10,ORS Electrolyte Powder Sachets,Hydration / Gastrointestinal,2025-11-10,33
395,11,Ibuprofen 400mg,Analgesic / NSAID,2025-11-10,38
396,12,Amlodipine 5mg,Antihypertensive,2025-11-10,23
397,1,Paracetamol 650mg (Dolo),Analgesic / Antipyretic,2025-11-11,32
398,2,Amoxicillin 500mg,Antibiotic,2025-11-11,32
399,3,Metformin 500mg,Antidiabetic,2025-11-11,29
400,4,Cetirizine 10mg,Antihistamine / Allergy,2025-11-11,22
401,5,Azithromycin 500mg,Antibiotic,2025-11-11,18
402,6,Atorvastatin 20mg,Cardiovascular,2025-11-11,21
403,7,Pantoprazole 40mg,Antacid / Gastrointestinal,2025-11-11,32
404,8,Cough Syrup 100ml (Ascoril),Respiratory / Antitussive,2025-11-11,24
405,9,Insulin Glargine 100IU/ml,Antidiabetic / Injectable,2025-11-11,6
406,10,ORS Electrolyte Powder Sachets,Hydration / Gastrointestinal,2025-11-11,27
407,11,Ibuprofen 400mg,Analgesic / NSAID,2025-11-11,15
408,12,Amlodipine 5mg,Antihypertensive,2025-11-11,24
409,1,Paracetamol 650mg (Dolo),Analgesic / Antipyretic,2025-11-12,47
410,2,Amoxicillin 500mg,Antibiotic,2025-11-12,28
411,3,Metformin 500mg,Antidiabetic,2025-11-12,34
412,4,Cetirizine 10mg,Antihistamine / Allergy,2025-11-12,14
413,5,Azithromycin 500mg,Antibiotic,2025-11-12,18
414,6,Atorvastatin 20mg,Cardiovascular,2025-11-12,30
415,7,Pantoprazole 40mg,Antacid / Gastrointestinal,2025-11-12,34
416,8,Cough Syrup 100ml (Ascoril),Respiratory / Antitussive,2025-11-12,21
417,9,Insulin Glargine 100IU/ml,Antidiabetic / Injectable,2025-11-12,10
418,10,ORS Electrolyte Powder Sachets,Hydration / Gastrointestinal,2025-11-12,25
419,11,Ibuprofen 400mg,Analgesic / NSAID,2025-11-12,23
420,12,Amlodipine 5mg,Antihypertensive,2025-11-12,25
421,1,Paracetamol 650mg (Dolo),Analgesic / Antipyretic,2025-11-13,64
422,2,Amoxicillin 500mg,Antibiotic,2025-11-13,33
423,3,Metformin 500mg,Antidiabetic,2025-11-13,29
424,4,Cetirizine 10mg,Antihistamine / Allergy,2025-11-13,21
425,5,Azithromycin 500mg,Antibiotic,2025-11-13,25
426,6,Atorvastatin 20mg,Cardiovascular,2025-11-13,30
427,7,Pantoprazole 40mg,Antacid / Gastrointestinal,2025-11-13,27
428,8,Cough Syrup 100ml (Ascoril),Respiratory / Antitussive,2025-11-13,27
429,9,Insulin Glargine 100IU/ml,Antidiabetic / Injectable,2025-11-13,9
430,10,ORS Electrolyte Powder Sachets,Hydration / Gastrointestinal,2025-11-13,17
431,11,Ibuprofen 400mg,Analgesic / NSAID,2025-11-13,15
432,12,Amlodipine 5mg,Antihypertensive,2025-11-13,16
433,1,Paracetamol 650mg (Dolo),Analgesic / Antipyretic,2025-11-14,44
434,2,Amoxicillin 500mg,Antibiotic,2025-11-14,28
435,3,Metformin 500mg,Antidiabetic,2025-11-14,38
436,4,Cetirizine 10mg,Antihistamine / Allergy,2025-11-14,18
437,5,Azithromycin 500mg,Antibiotic,2025-11-14,30
438,6,Atorvastatin 20mg,Cardiovascular,2025-11-14,18
439,7,Pantoprazole 40mg,Antacid / Gastrointestinal,2025-11-14,22
440,8,Cough Syrup 100ml (Ascoril),Respiratory / Antitussive,2025-11-14,24
441,9,Insulin Glargine 100IU/ml,Antidiabetic / Injectable,2025-11-14,7
442,10,ORS Electrolyte Powder Sachets,Hydration / Gastrointestinal,2025-11-14,24
443,11,Ibuprofen 400mg,Analgesic / NSAID,2025-11-14,12
444,12,Amlodipine 5mg,Antihypertensive,2025-11-14,25
445,1,Paracetamol 650mg (Dolo),Analgesic / Antipyretic,2025-11-15,68
446,2,Amoxicillin 500mg,Antibiotic,2025-11-15,32
447,3,Metformin 500mg,Antidiabetic,2025-11-15,37
448,4,Cetirizine 10mg,Antihistamine / Allergy,2025-11-15,17
449,5,Azithromycin 500mg,Antibiotic,2025-11-15,27
450,6,Atorvastatin 20mg,Cardiovascular,2025-11-15,22
451,7,Pantoprazole 40mg,Antacid / Gastrointestinal,2025-11-15,37
452,8,Cough Syrup 100ml (Ascoril),Respiratory / Antitussive,2025-11-15,33
453,9,Insulin Glargine 100IU/ml,Antidiabetic / Injectable,2025-11-15,6
454,10,ORS Electrolyte Powder Sachets,Hydration / Gastrointestinal,2025-11-15,31
455,11,Ibuprofen 400mg,Analgesic / NSAID,2025-11-15,20
456,12,Amlodipine 5mg,Antihypertensive,2025-11-15,25
457,1,Paracetamol 650mg (Dolo),Analgesic / Antipyretic,2025-11-16,38
458,2,Amoxicillin 500mg,Antibiotic,2025-11-16,16
459,3,Metformin 500mg,Antidiabetic,2025-11-16,22
460,4,Cetirizine 10mg,Antihistamine / Allergy,2025-11-16,12
461,5,Azithromycin 500mg,Antibiotic,2025-11-16,27
462,6,Atorvastatin 20mg,Cardiovascular,2025-11-16,20
463,7,Pantoprazole 40mg,Antacid / Gastrointestinal,2025-11-16,23
464,8,Cough Syrup 100ml (Ascoril),Respiratory / Antitussive,2025-11-16,21
465,9,Insulin Glargine 100IU/ml,Antidiabetic / Injectable,2025-11-16,5
466,10,ORS Electrolyte Powder Sachets,Hydration / Gastrointestinal,2025-11-16,19
467,11,Ibuprofen 400mg,Analgesic / NSAID,2025-11-16,17
468,12,Amlodipine 5mg,Antihypertensive,2025-11-16,24
469,1,Paracetamol 650mg (Dolo),Analgesic / Antipyretic,2025-11-17,42
470,2,Amoxicillin 500mg,Antibiotic,2025-11-17,22
471,3,Metformin 500mg,Antidiabetic,2025-11-17,29
472,4,Cetirizine 10mg,Antihistamine / Allergy,2025-11-17,10
473,5,Azithromycin 500mg,Antibiotic,2025-11-17,16
474,6,Atorvastatin 20mg,Cardiovascular,2025-11-17,30
475,7,Pantoprazole 40mg,Antacid / Gastrointestinal,2025-11-17,42
476,8,Cough Syrup 100ml (Ascoril),Respiratory / Antitussive,2025-11-17,23
477,9,Insulin Glargine 100IU/ml,Antidiabetic / Injectable,2025-11-17,8
478,10,ORS Electrolyte Powder Sachets,Hydration / Gastrointestinal,2025-11-17,26
479,11,Ibuprofen 400mg,Analgesic / NSAID,2025-11-17,49
480,12,Amlodipine 5mg,Antihypertensive,2025-11-17,30
481,1,Paracetamol 650mg (Dolo),Analgesic / Antipyretic,2025-11-18,45
482,2,Amoxicillin 500mg,Antibiotic,2025-11-18,20
483,3,Metformin 500mg,Antidiabetic,2025-11-18,21
484,4,Cetirizine 10mg,Antihistamine / Allergy,2025-11-18,19
485,5,Azithromycin 500mg,Antibiotic,2025-11-18,21
486,6,Atorvastatin 20mg,Cardiovascular,2025-11-18,18
487,7,Pantoprazole 40mg,Antacid / Gastrointestinal,2025-11-18,29
488,8,Cough Syrup 100ml (Ascoril),Respiratory / Antitussive,2025-11-18,19
489,9,Insulin Glargine 100IU/ml,Antidiabetic / Injectable,2025-11-18,10
490,10,ORS Electrolyte Powder Sachets,Hydration / Gastrointestinal,2025-11-18,28
491,11,Ibuprofen 400mg,Analgesic / NSAID,2025-11-18,19
492,12,Amlodipine 5mg,Antihypertensive,2025-11-18,32
493,1,Paracetamol 650mg (Dolo),Analgesic / Antipyretic,2025-11-19,47
494,2,Amoxicillin 500mg,Antibiotic,2025-11-19,20
495,3,Metformin 500mg,Antidiabetic,2025-11-19,38
496,4,Cetirizine 10mg,Antihistamine / Allergy,2025-11-19,20
497,5,Azithromycin 500mg,Antibiotic,2025-11-19,19
498,6,Atorvastatin 20mg,Cardiovascular,2025-11-19,23
499,7,Pantoprazole 40mg,Antacid / Gastrointestinal,2025-11-19,27
500,8,Cough Syrup 100ml (Ascoril),Respiratory / Antitussive,2025-11-19,18
501,9,Insulin Glargine 100IU/ml,Antidiabetic / Injectable,2025-11-19,8
502,10,ORS Electrolyte Powder Sachets,Hydration / Gastrointestinal,2025-11-19,33
503,11,Ibuprofen 400mg,Analgesic / NSAID,2025-11-19,14
504,12,Amlodipine 5mg,Antihypertensive,2025-11-19,28
505,1,Paracetamol 650mg (Dolo),Analgesic / Antipyretic,2025-11-20,41
506,2,Amoxicillin 500mg,Antibiotic,2025-11-20,22
507,3,Metformin 500mg,Antidiabetic,2025-11-20,27
508,4,Cetirizine 10mg,Antihistamine / Allergy,2025-11-20,15
509,5,Azithromycin 500mg,Antibiotic,2025-11-20,25
510,6,Atorvastatin 20mg,Cardiovascular,2025-11-20,20
511,7,Pantoprazole 40mg,Antacid / Gastrointestinal,2025-11-20,34
512,8,Cough Syrup 100ml (Ascoril),Respiratory / Antitussive,2025-11-20,24
513,9,Insulin Glargine 100IU/ml,Antidiabetic / Injectable,2025-11-20,6
514,10,ORS Electrolyte Powder Sachets,Hydration / Gastrointestinal,2025-11-20,20
515,11,Ibuprofen 400mg,Analgesic / NSAID,2025-11-20,17
516,12,Amlodipine 5mg,Antihypertensive,2025-11-20,28
517,1,Paracetamol 650mg (Dolo),Analgesic / Antipyretic,2025-11-21,51
518,2,Amoxicillin 500mg,Antibiotic,2025-11-21,19
519,3,Metformin 500mg,Antidiabetic,2025-11-21,31
520,4,Cetirizine 10mg,Antihistamine / Allergy,2025-11-21,20
521,5,Azithromycin 500mg,Antibiotic,2025-11-21,16
522,6,Atorvastatin 20mg,Cardiovascular,2025-11-21,26
523,7,Pantoprazole 40mg,Antacid / Gastrointestinal,2025-11-21,28
524,8,Cough Syrup 100ml (Ascoril),Respiratory / Antitussive,2025-11-21,27
525,9,Insulin Glargine 100IU/ml,Antidiabetic / Injectable,2025-11-21,5
526,10,ORS Electrolyte Powder Sachets,Hydration / Gastrointestinal,2025-11-21,16
527,11,Ibuprofen 400mg,Analgesic / NSAID,2025-11-21,13
528,12,Amlodipine 5mg,Antihypertensive,2025-11-21,25
529,1,Paracetamol 650mg (Dolo),Analgesic / Antipyretic,2025-11-22,56
530,2,Amoxicillin 500mg,Antibiotic,2025-11-22,23
531,3,Metformin 500mg,Antidiabetic,2025-11-22,39
532,4,Cetirizine 10mg,Antihistamine / Allergy,2025-11-22,14
533,5,Azithromycin 500mg,Antibiotic,2025-11-22,27
534,6,Atorvastatin 20mg,Cardiovascular,2025-11-22,22
535,7,Pantoprazole 40mg,Antacid / Gastrointestinal,2025-11-22,33
536,8,Cough Syrup 100ml (Ascoril),Respiratory / Antitussive,2025-11-22,28
537,9,Insulin Glargine 100IU/ml,Antidiabetic / Injectable,2025-11-22,6
538,10,ORS Electrolyte Powder Sachets,Hydration / Gastrointestinal,2025-11-22,26
539,11,Ibuprofen 400mg,Analgesic / NSAID,2025-11-22,26
540,12,Amlodipine 5mg,Antihypertensive,2025-11-22,26
541,1,Paracetamol 650mg (Dolo),Analgesic / Antipyretic,2025-11-23,44
542,2,Amoxicillin 500mg,Antibiotic,2025-11-23,15
543,3,Metformin 500mg,Antidiabetic,2025-11-23,27
544,4,Cetirizine 10mg,Antihistamine / Allergy,2025-11-23,19
545,5,Azithromycin 500mg,Antibiotic,2025-11-23,10
546,6,Atorvastatin 20mg,Cardiovascular,2025-11-23,17
547,7,Pantoprazole 40mg,Antacid / Gastrointestinal,2025-11-23,30
548,8,Cough Syrup 100ml (Ascoril),Respiratory / Antitussive,2025-11-23,19
549,9,Insulin Glargine 100IU/ml,Antidiabetic / Injectable,2025-11-23,6
550,10,ORS Electrolyte Powder Sachets,Hydration / Gastrointestinal,2025-11-23,18
551,11,Ibuprofen 400mg,Analgesic / NSAID,2025-11-23,16
552,12,Amlodipine 5mg,Antihypertensive,2025-11-23,20
553,1,Paracetamol 650mg (Dolo),Analgesic / Antipyretic,2025-11-24,93
554,2,Amoxicillin 500mg,Antibiotic,2025-11-24,24
555,3,Metformin 500mg,Antidiabetic,2025-11-24,32
556,4,Cetirizine 10mg,Antihistamine / Allergy,2025-11-24,16
557,5,Azithromycin 500mg,Antibiotic,2025-11-24,21
558,6,Atorvastatin 20mg,Cardiovascular,2025-11-24,22
559,7,Pantoprazole 40mg,Antacid / Gastrointestinal,2025-11-24,35
560,8,Cough Syrup 100ml (Ascoril),Respiratory / Antitussive,2025-11-24,22
561,9,Insulin Glargine 100IU/ml,Antidiabetic / Injectable,2025-11-24,7
562,10,ORS Electrolyte Powder Sachets,Hydration / Gastrointestinal,2025-11-24,34
563,11,Ibuprofen 400mg,Analgesic / NSAID,2025-11-24,22
564,12,Amlodipine 5mg,Antihypertensive,2025-11-24,24
565,1,Paracetamol 650mg (Dolo),Analgesic / Antipyretic,2025-11-25,57
566,2,Amoxicillin 500mg,Antibiotic,2025-11-25,21
567,3,Metformin 500mg,Antidiabetic,2025-11-25,19
568,4,Cetirizine 10mg,Antihistamine / Allergy,2025-11-25,15
569,5,Azithromycin 500mg,Antibiotic,2025-11-25,15
570,6,Atorvastatin 20mg,Cardiovascular,2025-11-25,22
571,7,Pantoprazole 40mg,Antacid / Gastrointestinal,2025-11-25,32
572,8,Cough Syrup 100ml (Ascoril),Respiratory / Antitussive,2025-11-25,32
573,9,Insulin Glargine 100IU/ml,Antidiabetic / Injectable,2025-11-25,7
574,10,ORS Electrolyte Powder Sachets,Hydration / Gastrointestinal,2025-11-25,24
575,11,Ibuprofen 400mg,Analgesic / NSAID,2025-11-25,22
576,12,Amlodipine 5mg,Antihypertensive,2025-11-25,15
577,1,Paracetamol 650mg (Dolo),Analgesic / Antipyretic,2025-11-26,48
578,2,Amoxicillin 500mg,Antibiotic,2025-11-26,26
579,3,Metformin 500mg,Antidiabetic,2025-11-26,22
580,4,Cetirizine 10mg,Antihistamine / Allergy,2025-11-26,22
581,5,Azithromycin 500mg,Antibiotic,2025-11-26,25
582,6,Atorvastatin 20mg,Cardiovascular,2025-11-26,22
583,7,Pantoprazole 40mg,Antacid / Gastrointestinal,2025-11-26,36
584,8,Cough Syrup 100ml (Ascoril),Respiratory / Antitussive,2025-11-26,34
585,9,Insulin Glargine 100IU/ml,Antidiabetic / Injectable,2025-11-26,7
586,10,ORS Electrolyte Powder Sachets,Hydration / Gastrointestinal,2025-11-26,26
587,11,Ibuprofen 400mg,Analgesic / NSAID,2025-11-26,17
588,12,Amlodipine 5mg,Antihypertensive,2025-11-26,21
589,1,Paracetamol 650mg (Dolo),Analgesic / Antipyretic,2025-11-27,88
590,2,Amoxicillin 500mg,Antibiotic,2025-11-27,19
591,3,Metformin 500mg,Antidiabetic,2025-11-27,35
592,4,Cetirizine 10mg,Antihistamine / Allergy,2025-11-27,16
593,5,Azithromycin 500mg,Antibiotic,2025-11-27,26
594,6,Atorvastatin 20mg,Cardiovascular,2025-11-27,29
595,7,Pantoprazole 40mg,Antacid / Gastrointestinal,2025-11-27,38
596,8,Cough Syrup 100ml (Ascoril),Respiratory / Antitussive,2025-11-27,22
597,9,Insulin Glargine 100IU/ml,Antidiabetic / Injectable,2025-11-27,7
598,10,ORS Electrolyte Powder Sachets,Hydration / Gastrointestinal,2025-11-27,20
599,11,Ibuprofen 400mg,Analgesic / NSAID,2025-11-27,20
600,12,Amlodipine 5mg,Antihypertensive,2025-11-27,31
601,1,Paracetamol 650mg (Dolo),Analgesic / Antipyretic,2025-11-28,53
602,2,Amoxicillin 500mg,Antibiotic,2025-11-28,18
603,3,Metformin 500mg,Antidiabetic,2025-11-28,40
604,4,Cetirizine 10mg,Antihistamine / Allergy,2025-11-28,22
605,5,Azithromycin 500mg,Antibiotic,2025-11-28,27
606,6,Atorvastatin 20mg,Cardiovascular,2025-11-28,37
607,7,Pantoprazole 40mg,Antacid / Gastrointestinal,2025-11-28,28
608,8,Cough Syrup 100ml (Ascoril),Respiratory / Antitussive,2025-11-28,19
609,9,Insulin Glargine 100IU/ml,Antidiabetic / Injectable,2025-11-28,4
610,10,ORS Electrolyte Powder Sachets,Hydration / Gastrointestinal,2025-11-28,31
611,11,Ibuprofen 400mg,Analgesic / NSAID,2025-11-28,24
612,12,Amlodipine 5mg,Antihypertensive,2025-11-28,29
613,1,Paracetamol 650mg (Dolo),Analgesic / Antipyretic,2025-11-29,57
614,2,Amoxicillin 500mg,Antibiotic,2025-11-29,20
615,3,Metformin 500mg,Antidiabetic,2025-11-29,58
616,4,Cetirizine 10mg,Antihistamine / Allergy,2025-11-29,21
617,5,Azithromycin 500mg,Antibiotic,2025-11-29,27
618,6,Atorvastatin 20mg,Cardiovascular,2025-11-29,36
619,7,Pantoprazole 40mg,Antacid / Gastrointestinal,2025-11-29,41
620,8,Cough Syrup 100ml (Ascoril),Respiratory / Antitussive,2025-11-29,29
621,9,Insulin Glargine 100IU/ml,Antidiabetic / Injectable,2025-11-29,7
622,10,ORS Electrolyte Powder Sachets,Hydration / Gastrointestinal,2025-11-29,31
623,11,Ibuprofen 400mg,Analgesic / NSAID,2025-11-29,34
624,12,Amlodipine 5mg,Antihypertensive,2025-11-29,42
625,1,Paracetamol 650mg (Dolo),Analgesic / Antipyretic,2025-11-30,50
626,2,Amoxicillin 500mg,Antibiotic,2025-11-30,16
627,3,Metformin 500mg,Antidiabetic,2025-11-30,24
628,4,Cetirizine 10mg,Antihistamine / Allergy,2025-11-30,14
629,5,Azithromycin 500mg,Antibiotic,2025-11-30,20
630,6,Atorvastatin 20mg,Cardiovascular,2025-11-30,28
631,7,Pantoprazole 40mg,Antacid / Gastrointestinal,2025-11-30,19
632,8,Cough Syrup 100ml (Ascoril),Respiratory / Antitussive,2025-11-30,43
633,9,Insulin Glargine 100IU/ml,Antidiabetic / Injectable,2025-11-30,6
634,10,ORS Electrolyte Powder Sachets,Hydration / Gastrointestinal,2025-11-30,19
635,11,Ibuprofen 400mg,Analgesic / NSAID,2025-11-30,15
636,12,Amlodipine 5mg,Antihypertensive,2025-11-30,17
637,1,Paracetamol 650mg (Dolo),Analgesic / Antipyretic,2025-12-01,62
638,2,Amoxicillin 500mg,Antibiotic,2025-12-01,22
639,3,Metformin 500mg,Antidiabetic,2025-12-01,27
640,4,Cetirizine 10mg,Antihistamine / Allergy,2025-12-01,14
641,5,Azithromycin 500mg,Antibiotic,2025-12-01,24
642,6,Atorvastatin 20mg,Cardiovascular,2025-12-01,36
643,7,Pantoprazole 40mg,Antacid / Gastrointestinal,2025-12-01,27
644,8,Cough Syrup 100ml (Ascoril),Respiratory / Antitussive,2025-12-01,20
645,9,Insulin Glargine 100IU/ml,Antidiabetic / Injectable,2025-12-01,7
646,10,ORS Electrolyte Powder Sachets,Hydration / Gastrointestinal,2025-12-01,23
647,11,Ibuprofen 400mg,Analgesic / NSAID,2025-12-01,11
648,12,Amlodipine 5mg,Antihypertensive,2025-12-01,29
649,1,Paracetamol 650mg (Dolo),Analgesic / Antipyretic,2025-12-02,52
650,2,Amoxicillin 500mg,Antibiotic,2025-12-02,24
651,3,Metformin 500mg,Antidiabetic,2025-12-02,46
652,4,Cetirizine 10mg,Antihistamine / Allergy,2025-12-02,22
653,5,Azithromycin 500mg,Antibiotic,2025-12-02,23
654,6,Atorvastatin 20mg,Cardiovascular,2025-12-02,22
655,7,Pantoprazole 40mg,Antacid / Gastrointestinal,2025-12-02,41
656,8,Cough Syrup 100ml (Ascoril),Respiratory / Antitussive,2025-12-02,28
657,9,Insulin Glargine 100IU/ml,Antidiabetic / Injectable,2025-12-02,8
658,10,ORS Electrolyte Powder Sachets,Hydration / Gastrointestinal,2025-12-02,24
659,11,Ibuprofen 400mg,Analgesic / NSAID,2025-12-02,23
660,12,Amlodipine 5mg,Antihypertensive,2025-12-02,28
661,1,Paracetamol 650mg (Dolo),Analgesic / Antipyretic,2025-12-03,48
662,2,Amoxicillin 500mg,Antibiotic,2025-12-03,19
663,3,Metformin 500mg,Antidiabetic,2025-12-03,34
664,4,Cetirizine 10mg,Antihistamine / Allergy,2025-12-03,16
665,5,Azithromycin 500mg,Antibiotic,2025-12-03,20
666,6,Atorvastatin 20mg,Cardiovascular,2025-12-03,28
667,7,Pantoprazole 40mg,Antacid / Gastrointestinal,2025-12-03,27
668,8,Cough Syrup 100ml (Ascoril),Respiratory / Antitussive,2025-12-03,36
669,9,Insulin Glargine 100IU/ml,Antidiabetic / Injectable,2025-12-03,2
670,10,ORS Electrolyte Powder Sachets,Hydration / Gastrointestinal,2025-12-03,29
671,11,Ibuprofen 400mg,Analgesic / NSAID,2025-12-03,27
672,12,Amlodipine 5mg,Antihypertensive,2025-12-03,18
673,1,Paracetamol 650mg (Dolo),Analgesic / Antipyretic,2025-12-04,50
674,2,Amoxicillin 500mg,Antibiotic,2025-12-04,20
675,3,Metformin 500mg,Antidiabetic,2025-12-04,26
676,4,Cetirizine 10mg,Antihistamine / Allergy,2025-12-04,15
677,5,Azithromycin 500mg,Antibiotic,2025-12-04,20
678,6,Atorvastatin 20mg,Cardiovascular,2025-12-04,37
679,7,Pantoprazole 40mg,Antacid / Gastrointestinal,2025-12-04,33
680,8,Cough Syrup 100ml (Ascoril),Respiratory / Antitussive,2025-12-04,35
681,9,Insulin Glargine 100IU/ml,Antidiabetic / Injectable,2025-12-04,9
682,10,ORS Electrolyte Powder Sachets,Hydration / Gastrointestinal,2025-12-04,19
683,11,Ibuprofen 400mg,Analgesic / NSAID,2025-12-04,20
684,12,Amlodipine 5mg,Antihypertensive,2025-12-04,31
685,1,Paracetamol 650mg (Dolo),Analgesic / Antipyretic,2025-12-05,42
686,2,Amoxicillin 500mg,Antibiotic,2025-12-05,24
687,3,Metformin 500mg,Antidiabetic,2025-12-05,33
688,4,Cetirizine 10mg,Antihistamine / Allergy,2025-12-05,17
689,5,Azithromycin 500mg,Antibiotic,2025-12-05,29
690,6,Atorvastatin 20mg,Cardiovascular,2025-12-05,30
691,7,Pantoprazole 40mg,Antacid / Gastrointestinal,2025-12-05,26
692,8,Cough Syrup 100ml (Ascoril),Respiratory / Antitussive,2025-12-05,34
693,9,Insulin Glargine 100IU/ml,Antidiabetic / Injectable,2025-12-05,6
694,10,ORS Electrolyte Powder Sachets,Hydration / Gastrointestinal,2025-12-05,27
695,11,Ibuprofen 400mg,Analgesic / NSAID,2025-12-05,24
696,12,Amlodipine 5mg,Antihypertensive,2025-12-05,27
697,1,Paracetamol 650mg (Dolo),Analgesic / Antipyretic,2025-12-06,66
698,2,Amoxicillin 500mg,Antibiotic,2025-12-06,19
699,3,Metformin 500mg,Antidiabetic,2025-12-06,41
700,4,Cetirizine 10mg,Antihistamine / Allergy,2025-12-06,20
701,5,Azithromycin 500mg,Antibiotic,2025-12-06,23
702,6,Atorvastatin 20mg,Cardiovascular,2025-12-06,33
703,7,Pantoprazole 40mg,Antacid / Gastrointestinal,2025-12-06,28
704,8,Cough Syrup 100ml (Ascoril),Respiratory / Antitussive,2025-12-06,24
705,9,Insulin Glargine 100IU/ml,Antidiabetic / Injectable,2025-12-06,5
706,10,ORS Electrolyte Powder Sachets,Hydration / Gastrointestinal,2025-12-06,32
707,11,Ibuprofen 400mg,Analgesic / NSAID,2025-12-06,17
708,12,Amlodipine 5mg,Antihypertensive,2025-12-06,38
709,1,Paracetamol 650mg (Dolo),Analgesic / Antipyretic,2025-12-07,28
710,2,Amoxicillin 500mg,Antibiotic,2025-12-07,22
711,3,Metformin 500mg,Antidiabetic,2025-12-07,26
712,4,Cetirizine 10mg,Antihistamine / Allergy,2025-12-07,15
713,5,Azithromycin 500mg,Antibiotic,2025-12-07,17
714,6,Atorvastatin 20mg,Cardiovascular,2025-12-07,21
715,7,Pantoprazole 40mg,Antacid / Gastrointestinal,2025-12-07,23
716,8,Cough Syrup 100ml (Ascoril),Respiratory / Antitussive,2025-12-07,28
717,9,Insulin Glargine 100IU/ml,Antidiabetic / Injectable,2025-12-07,6
718,10,ORS Electrolyte Powder Sachets,Hydration / Gastrointestinal,2025-12-07,21
719,11,Ibuprofen 400mg,Analgesic / NSAID,2025-12-07,15
720,12,Amlodipine 5mg,Antihypertensive,2025-12-07,21
721,1,Paracetamol 650mg (Dolo),Analgesic / Antipyretic,2025-12-08,57
722,2,Amoxicillin 500mg,Antibiotic,2025-12-08,14
723,3,Metformin 500mg,Antidiabetic,2025-12-08,23
724,4,Cetirizine 10mg,Antihistamine / Allergy,2025-12-08,20
725,5,Azithromycin 500mg,Antibiotic,2025-12-08,23
726,6,Atorvastatin 20mg,Cardiovascular,2025-12-08,23
727,7,Pantoprazole 40mg,Antacid / Gastrointestinal,2025-12-08,28
728,8,Cough Syrup 100ml (Ascoril),Respiratory / Antitussive,2025-12-08,30
729,9,Insulin Glargine 100IU/ml,Antidiabetic / Injectable,2025-12-08,6
730,10,ORS Electrolyte Powder Sachets,Hydration / Gastrointestinal,2025-12-08,21
731,11,Ibuprofen 400mg,Analgesic / NSAID,2025-12-08,20
732,12,Amlodipine 5mg,Antihypertensive,2025-12-08,21
733,1,Paracetamol 650mg (Dolo),Analgesic / Antipyretic,2025-12-09,58
734,2,Amoxicillin 500mg,Antibiotic,2025-12-09,14
735,3,Metformin 500mg,Antidiabetic,2025-12-09,36
736,4,Cetirizine 10mg,Antihistamine / Allergy,2025-12-09,19
737,5,Azithromycin 500mg,Antibiotic,2025-12-09,27
738,6,Atorvastatin 20mg,Cardiovascular,2025-12-09,28
739,7,Pantoprazole 40mg,Antacid / Gastrointestinal,2025-12-09,37
740,8,Cough Syrup 100ml (Ascoril),Respiratory / Antitussive,2025-12-09,33
741,9,Insulin Glargine 100IU/ml,Antidiabetic / Injectable,2025-12-09,3
742,10,ORS Electrolyte Powder Sachets,Hydration / Gastrointestinal,2025-12-09,19
743,11,Ibuprofen 400mg,Analgesic / NSAID,2025-12-09,17
744,12,Amlodipine 5mg,Antihypertensive,2025-12-09,25
745,1,Paracetamol 650mg (Dolo),Analgesic / Antipyretic,2025-12-10,59
746,2,Amoxicillin 500mg,Antibiotic,2025-12-10,17
747,3,Metformin 500mg,Antidiabetic,2025-12-10,31
748,4,Cetirizine 10mg,Antihistamine / Allergy,2025-12-10,15
749,5,Azithromycin 500mg,Antibiotic,2025-12-10,21
750,6,Atorvastatin 20mg,Cardiovascular,2025-12-10,18
751,7,Pantoprazole 40mg,Antacid / Gastrointestinal,2025-12-10,23
752,8,Cough Syrup 100ml (Ascoril),Respiratory / Antitussive,2025-12-10,21
753,9,Insulin Glargine 100IU/ml,Antidiabetic / Injectable,2025-12-10,5
754,10,ORS Electrolyte Powder Sachets,Hydration / Gastrointestinal,2025-12-10,29
755,11,Ibuprofen 400mg,Analgesic / NSAID,2025-12-10,16
756,12,Amlodipine 5mg,Antihypertensive,2025-12-10,37
757,1,Paracetamol 650mg (Dolo),Analgesic / Antipyretic,2025-12-11,59
758,2,Amoxicillin 500mg,Antibiotic,2025-12-11,20
759,3,Metformin 500mg,Antidiabetic,2025-12-11,25
760,4,Cetirizine 10mg,Antihistamine / Allergy,2025-12-11,20
761,5,Azithromycin 500mg,Antibiotic,2025-12-11,22
762,6,Atorvastatin 20mg,Cardiovascular,2025-12-11,25
763,7,Pantoprazole 40mg,Antacid / Gastrointestinal,2025-12-11,41
764,8,Cough Syrup 100ml (Ascoril),Respiratory / Antitussive,2025-12-11,28
765,9,Insulin Glargine 100IU/ml,Antidiabetic / Injectable,2025-12-11,9
766,10,ORS Electrolyte Powder Sachets,Hydration / Gastrointestinal,2025-12-11,21
767,11,Ibuprofen 400mg,Analgesic / NSAID,2025-12-11,19
768,12,Amlodipine 5mg,Antihypertensive,2025-12-11,33
769,1,Paracetamol 650mg (Dolo),Analgesic / Antipyretic,2025-12-12,48
770,2,Amoxicillin 500mg,Antibiotic,2025-12-12,26
771,3,Metformin 500mg,Antidiabetic,2025-12-12,34
772,4,Cetirizine 10mg,Antihistamine / Allergy,2025-12-12,16
773,5,Azithromycin 500mg,Antibiotic,2025-12-12,27
774,6,Atorvastatin 20mg,Cardiovascular,2025-12-12,28
775,7,Pantoprazole 40mg,Antacid / Gastrointestinal,2025-12-12,31
776,8,Cough Syrup 100ml (Ascoril),Respiratory / Antitussive,2025-12-12,20
777,9,Insulin Glargine 100IU/ml,Antidiabetic / Injectable,2025-12-12,5
778,10,ORS Electrolyte Powder Sachets,Hydration / Gastrointestinal,2025-12-12,23
779,11,Ibuprofen 400mg,Analgesic / NSAID,2025-12-12,19
780,12,Amlodipine 5mg,Antihypertensive,2025-12-12,28
781,1,Paracetamol 650mg (Dolo),Analgesic / Antipyretic,2025-12-13,64
782,2,Amoxicillin 500mg,Antibiotic,2025-12-13,17
783,3,Metformin 500mg,Antidiabetic,2025-12-13,37
784,4,Cetirizine 10mg,Antihistamine / Allergy,2025-12-13,23
785,5,Azithromycin 500mg,Antibiotic,2025-12-13,32
786,6,Atorvastatin 20mg,Cardiovascular,2025-12-13,33
787,7,Pantoprazole 40mg,Antacid / Gastrointestinal,2025-12-13,37
788,8,Cough Syrup 100ml (Ascoril),Respiratory / Antitussive,2025-12-13,35
789,9,Insulin Glargine 100IU/ml,Antidiabetic / Injectable,2025-12-13,8
790,10,ORS Electrolyte Powder Sachets,Hydration / Gastrointestinal,2025-12-13,20
791,11,Ibuprofen 400mg,Analgesic / NSAID,2025-12-13,24
792,12,Amlodipine 5mg,Antihypertensive,2025-12-13,30
793,1,Paracetamol 650mg (Dolo),Analgesic / Antipyretic,2025-12-14,47
794,2,Amoxicillin 500mg,Antibiotic,2025-12-14,12
795,3,Metformin 500mg,Antidiabetic,2025-12-14,20
796,4,Cetirizine 10mg,Antihistamine / Allergy,2025-12-14,18
797,5,Azithromycin 500mg,Antibiotic,2025-12-14,20
798,6,Atorvastatin 20mg,Cardiovascular,2025-12-14,22
799,7,Pantoprazole 40mg,Antacid / Gastrointestinal,2025-12-14,23
800,8,Cough Syrup 100ml (Ascoril),Respiratory / Antitussive,2025-12-14,23
801,9,Insulin Glargine 100IU/ml,Antidiabetic / Injectable,2025-12-14,7
802,10,ORS Electrolyte Powder Sachets,Hydration / Gastrointestinal,2025-12-14,18
803,11,Ibuprofen 400mg,Analgesic / NSAID,2025-12-14,16
804,12,Amlodipine 5mg,Antihypertensive,2025-12-14,19
805,1,Paracetamol 650mg (Dolo),Analgesic / Antipyretic,2025-12-15,50
806,2,Amoxicillin 500mg,Antibiotic,2025-12-15,18
807,3,Metformin 500mg,Antidiabetic,2025-12-15,31
808,4,Cetirizine 10mg,Antihistamine / Allergy,2025-12-15,16
809,5,Azithromycin 500mg,Antibiotic,2025-12-15,30
810,6,Atorvastatin 20mg,Cardiovascular,2025-12-15,20
811,7,Pantoprazole 40mg,Antacid / Gastrointestinal,2025-12-15,27
812,8,Cough Syrup 100ml (Ascoril),Respiratory / Antitussive,2025-12-15,26
813,9,Insulin Glargine 100IU/ml,Antidiabetic / Injectable,2025-12-15,10
814,10,ORS Electrolyte Powder Sachets,Hydration / Gastrointestinal,2025-12-15,25
815,11,Ibuprofen 400mg,Analgesic / NSAID,2025-12-15,37
816,12,Amlodipine 5mg,Antihypertensive,2025-12-15,18
817,1,Paracetamol 650mg (Dolo),Analgesic / Antipyretic,2025-12-16,56
818,2,Amoxicillin 500mg,Antibiotic,2025-12-16,22
819,3,Metformin 500mg,Antidiabetic,2025-12-16,31
820,4,Cetirizine 10mg,Antihistamine / Allergy,2025-12-16,21
821,5,Azithromycin 500mg,Antibiotic,2025-12-16,21
822,6,Atorvastatin 20mg,Cardiovascular,2025-12-16,30
823,7,Pantoprazole 40mg,Antacid / Gastrointestinal,2025-12-16,40
824,8,Cough Syrup 100ml (Ascoril),Respiratory / Antitussive,2025-12-16,26
825,9,Insulin Glargine 100IU/ml,Antidiabetic / Injectable,2025-12-16,6
826,10,ORS Electrolyte Powder Sachets,Hydration / Gastrointestinal,2025-12-16,31
827,11,Ibuprofen 400mg,Analgesic / NSAID,2025-12-16,24
828,12,Amlodipine 5mg,Antihypertensive,2025-12-16,23
829,1,Paracetamol 650mg (Dolo),Analgesic / Antipyretic,2025-12-17,50
830,2,Amoxicillin 500mg,Antibiotic,2025-12-17,18
831,3,Metformin 500mg,Antidiabetic,2025-12-17,23
832,4,Cetirizine 10mg,Antihistamine / Allergy,2025-12-17,15
833,5,Azithromycin 500mg,Antibiotic,2025-12-17,19
834,6,Atorvastatin 20mg,Cardiovascular,2025-12-17,21
835,7,Pantoprazole 40mg,Antacid / Gastrointestinal,2025-12-17,28
836,8,Cough Syrup 100ml (Ascoril),Respiratory / Antitussive,2025-12-17,29
837,9,Insulin Glargine 100IU/ml,Antidiabetic / Injectable,2025-12-17,10
838,10,ORS Electrolyte Powder Sachets,Hydration / Gastrointestinal,2025-12-17,20
839,11,Ibuprofen 400mg,Analgesic / NSAID,2025-12-17,22
840,12,Amlodipine 5mg,Antihypertensive,2025-12-17,24
841,1,Paracetamol 650mg (Dolo),Analgesic / Antipyretic,2025-12-18,53
842,2,Amoxicillin 500mg,Antibiotic,2025-12-18,21
843,3,Metformin 500mg,Antidiabetic,2025-12-18,24
844,4,Cetirizine 10mg,Antihistamine / Allergy,2025-12-18,19
845,5,Azithromycin 500mg,Antibiotic,2025-12-18,25
846,6,Atorvastatin 20mg,Cardiovascular,2025-12-18,26
847,7,Pantoprazole 40mg,Antacid / Gastrointestinal,2025-12-18,30
848,8,Cough Syrup 100ml (Ascoril),Respiratory / Antitussive,2025-12-18,41
849,9,Insulin Glargine 100IU/ml,Antidiabetic / Injectable,2025-12-18,5
850,10,ORS Electrolyte Powder Sachets,Hydration / Gastrointestinal,2025-12-18,22
851,11,Ibuprofen 400mg,Analgesic / NSAID,2025-12-18,17
852,12,Amlodipine 5mg,Antihypertensive,2025-12-18,22
853,1,Paracetamol 650mg (Dolo),Analgesic / Antipyretic,2025-12-19,48
854,2,Amoxicillin 500mg,Antibiotic,2025-12-19,23
855,3,Metformin 500mg,Antidiabetic,2025-12-19,38
856,4,Cetirizine 10mg,Antihistamine / Allergy,2025-12-19,16
857,5,Azithromycin 500mg,Antibiotic,2025-12-19,20
858,6,Atorvastatin 20mg,Cardiovascular,2025-12-19,26
859,7,Pantoprazole 40mg,Antacid / Gastrointestinal,2025-12-19,25
860,8,Cough Syrup 100ml (Ascoril),Respiratory / Antitussive,2025-12-19,31
861,9,Insulin Glargine 100IU/ml,Antidiabetic / Injectable,2025-12-19,7
862,10,ORS Electrolyte Powder Sachets,Hydration / Gastrointestinal,2025-12-19,18
863,11,Ibuprofen 400mg,Analgesic / NSAID,2025-12-19,24
864,12,Amlodipine 5mg,Antihypertensive,2025-12-19,33
865,1,Paracetamol 650mg (Dolo),Analgesic / Antipyretic,2025-12-20,55
866,2,Amoxicillin 500mg,Antibiotic,2025-12-20,20
867,3,Metformin 500mg,Antidiabetic,2025-12-20,37
868,4,Cetirizine 10mg,Antihistamine / Allergy,2025-12-20,22
869,5,Azithromycin 500mg,Antibiotic,2025-12-20,32
870,6,Atorvastatin 20mg,Cardiovascular,2025-12-20,38
871,7,Pantoprazole 40mg,Antacid / Gastrointestinal,2025-12-20,31
872,8,Cough Syrup 100ml (Ascoril),Respiratory / Antitussive,2025-12-20,28
873,9,Insulin Glargine 100IU/ml,Antidiabetic / Injectable,2025-12-20,5
874,10,ORS Electrolyte Powder Sachets,Hydration / Gastrointestinal,2025-12-20,25
875,11,Ibuprofen 400mg,Analgesic / NSAID,2025-12-20,22
876,12,Amlodipine 5mg,Antihypertensive,2025-12-20,39
877,1,Paracetamol 650mg (Dolo),Analgesic / Antipyretic,2025-12-21,41
878,2,Amoxicillin 500mg,Antibiotic,2025-12-21,16
879,3,Metformin 500mg,Antidiabetic,2025-12-21,25
880,4,Cetirizine 10mg,Antihistamine / Allergy,2025-12-21,18
881,5,Azithromycin 500mg,Antibiotic,2025-12-21,30
882,6,Atorvastatin 20mg,Cardiovascular,2025-12-21,18
883,7,Pantoprazole 40mg,Antacid / Gastrointestinal,2025-12-21,35
884,8,Cough Syrup 100ml (Ascoril),Respiratory / Antitussive,2025-12-21,28
885,9,Insulin Glargine 100IU/ml,Antidiabetic / Injectable,2025-12-21,7
886,10,ORS Electrolyte Powder Sachets,Hydration / Gastrointestinal,2025-12-21,27
887,11,Ibuprofen 400mg,Analgesic / NSAID,2025-12-21,17
888,12,Amlodipine 5mg,Antihypertensive,2025-12-21,19
889,1,Paracetamol 650mg (Dolo),Analgesic / Antipyretic,2025-12-22,60
890,2,Amoxicillin 500mg,Antibiotic,2025-12-22,22
891,3,Metformin 500mg,Antidiabetic,2025-12-22,35
892,4,Cetirizine 10mg,Antihistamine / Allergy,2025-12-22,20
893,5,Azithromycin 500mg,Antibiotic,2025-12-22,26
894,6,Atorvastatin 20mg,Cardiovascular,2025-12-22,29
895,7,Pantoprazole 40mg,Antacid / Gastrointestinal,2025-12-22,35
896,8,Cough Syrup 100ml (Ascoril),Respiratory / Antitussive,2025-12-22,31
897,9,Insulin Glargine 100IU/ml,Antidiabetic / Injectable,2025-12-22,6
898,10,ORS Electrolyte Powder Sachets,Hydration / Gastrointestinal,2025-12-22,25
899,11,Ibuprofen 400mg,Analgesic / NSAID,2025-12-22,23
900,12,Amlodipine 5mg,Antihypertensive,2025-12-22,21
901,1,Paracetamol 650mg (Dolo),Analgesic / Antipyretic,2025-12-23,57
902,2,Amoxicillin 500mg,Antibiotic,2025-12-23,17
903,3,Metformin 500mg,Antidiabetic,2025-12-23,30
904,4,Cetirizine 10mg,Antihistamine / Allergy,2025-12-23,22
905,5,Azithromycin 500mg,Antibiotic,2025-12-23,24
906,6,Atorvastatin 20mg,Cardiovascular,2025-12-23,24
907,7,Pantoprazole 40mg,Antacid / Gastrointestinal,2025-12-23,21
908,8,Cough Syrup 100ml (Ascoril),Respiratory / Antitussive,2025-12-23,32
909,9,Insulin Glargine 100IU/ml,Antidiabetic / Injectable,2025-12-23,8
910,10,ORS Electrolyte Powder Sachets,Hydration / Gastrointestinal,2025-12-23,34
911,11,Ibuprofen 400mg,Analgesic / NSAID,2025-12-23,18
912,12,Amlodipine 5mg,Antihypertensive,2025-12-23,26
913,1,Paracetamol 650mg (Dolo),Analgesic / Antipyretic,2025-12-24,56
914,2,Amoxicillin 500mg,Antibiotic,2025-12-24,23
915,3,Metformin 500mg,Antidiabetic,2025-12-24,30
916,4,Cetirizine 10mg,Antihistamine / Allergy,2025-12-24,19
917,5,Azithromycin 500mg,Antibiotic,2025-12-24,26
918,6,Atorvastatin 20mg,Cardiovascular,2025-12-24,25
919,7,Pantoprazole 40mg,Antacid / Gastrointestinal,2025-12-24,26
920,8,Cough Syrup 100ml (Ascoril),Respiratory / Antitussive,2025-12-24,29
921,9,Insulin Glargine 100IU/ml,Antidiabetic / Injectable,2025-12-24,9
922,10,ORS Electrolyte Powder Sachets,Hydration / Gastrointestinal,2025-12-24,20
923,11,Ibuprofen 400mg,Analgesic / NSAID,2025-12-24,19
924,12,Amlodipine 5mg,Antihypertensive,2025-12-24,22
925,1,Paracetamol 650mg (Dolo),Analgesic / Antipyretic,2025-12-25,65
926,2,Amoxicillin 500mg,Antibiotic,2025-12-25,13
927,3,Metformin 500mg,Antidiabetic,2025-12-25,27
928,4,Cetirizine 10mg,Antihistamine / Allergy,2025-12-25,19
929,5,Azithromycin 500mg,Antibiotic,2025-12-25,30
930,6,Atorvastatin 20mg,Cardiovascular,2025-12-25,24
931,7,Pantoprazole 40mg,Antacid / Gastrointestinal,2025-12-25,25
932,8,Cough Syrup 100ml (Ascoril),Respiratory / Antitussive,2025-12-25,38
933,9,Insulin Glargine 100IU/ml,Antidiabetic / Injectable,2025-12-25,4
934,10,ORS Electrolyte Powder Sachets,Hydration / Gastrointestinal,2025-12-25,15
935,11,Ibuprofen 400mg,Analgesic / NSAID,2025-12-25,20
936,12,Amlodipine 5mg,Antihypertensive,2025-12-25,23
937,1,Paracetamol 650mg (Dolo),Analgesic / Antipyretic,2025-12-26,44
938,2,Amoxicillin 500mg,Antibiotic,2025-12-26,20
939,3,Metformin 500mg,Antidiabetic,2025-12-26,31
940,4,Cetirizine 10mg,Antihistamine / Allergy,2025-12-26,16
941,5,Azithromycin 500mg,Antibiotic,2025-12-26,17
942,6,Atorvastatin 20mg,Cardiovascular,2025-12-26,28
943,7,Pantoprazole 40mg,Antacid / Gastrointestinal,2025-12-26,31
944,8,Cough Syrup 100ml (Ascoril),Respiratory / Antitussive,2025-12-26,28
945,9,Insulin Glargine 100IU/ml,Antidiabetic / Injectable,2025-12-26,10
946,10,ORS Electrolyte Powder Sachets,Hydration / Gastrointestinal,2025-12-26,20
947,11,Ibuprofen 400mg,Analgesic / NSAID,2025-12-26,14
948,12,Amlodipine 5mg,Antihypertensive,2025-12-26,36
949,1,Paracetamol 650mg (Dolo),Analgesic / Antipyretic,2025-12-27,62
950,2,Amoxicillin 500mg,Antibiotic,2025-12-27,21
951,3,Metformin 500mg,Antidiabetic,2025-12-27,38
952,4,Cetirizine 10mg,Antihistamine / Allergy,2025-12-27,22
953,5,Azithromycin 500mg,Antibiotic,2025-12-27,20
954,6,Atorvastatin 20mg,Cardiovascular,2025-12-27,41
955,7,Pantoprazole 40mg,Antacid / Gastrointestinal,2025-12-27,53
956,8,Cough Syrup 100ml (Ascoril),Respiratory / Antitussive,2025-12-27,39
957,9,Insulin Glargine 100IU/ml,Antidiabetic / Injectable,2025-12-27,10
958,10,ORS Electrolyte Powder Sachets,Hydration / Gastrointestinal,2025-12-27,31
959,11,Ibuprofen 400mg,Analgesic / NSAID,2025-12-27,28
960,12,Amlodipine 5mg,Antihypertensive,2025-12-27,36
961,1,Paracetamol 650mg (Dolo),Analgesic / Antipyretic,2025-12-28,50
962,2,Amoxicillin 500mg,Antibiotic,2025-12-28,18
963,3,Metformin 500mg,Antidiabetic,2025-12-28,30
964,4,Cetirizine 10mg,Antihistamine / Allergy,2025-12-28,17
965,5,Azithromycin 500mg,Antibiotic,2025-12-28,20
966,6,Atorvastatin 20mg,Cardiovascular,2025-12-28,29
967,7,Pantoprazole 40mg,Antacid / Gastrointestinal,2025-12-28,20
968,8,Cough Syrup 100ml (Ascoril),Respiratory / Antitussive,2025-12-28,31
969,9,Insulin Glargine 100IU/ml,Antidiabetic / Injectable,2025-12-28,6
970,10,ORS Electrolyte Powder Sachets,Hydration / Gastrointestinal,2025-12-28,15
971,11,Ibuprofen 400mg,Analgesic / NSAID,2025-12-28,19
972,12,Amlodipine 5mg,Antihypertensive,2025-12-28,21
973,1,Paracetamol 650mg (Dolo),Analgesic / Antipyretic,2025-12-29,62
974,2,Amoxicillin 500mg,Antibiotic,2025-12-29,15
975,3,Metformin 500mg,Antidiabetic,2025-12-29,32
976,4,Cetirizine 10mg,Antihistamine / Allergy,2025-12-29,12
977,5,Azithromycin 500mg,Antibiotic,2025-12-29,21
978,6,Atorvastatin 20mg,Cardiovascular,2025-12-29,15
979,7,Pantoprazole 40mg,Antacid / Gastrointestinal,2025-12-29,20
980,8,Cough Syrup 100ml (Ascoril),Respiratory / Antitussive,2025-12-29,32
981,9,Insulin Glargine 100IU/ml,Antidiabetic / Injectable,2025-12-29,9
982,10,ORS Electrolyte Powder Sachets,Hydration / Gastrointestinal,2025-12-29,26
983,11,Ibuprofen 400mg,Analgesic / NSAID,2025-12-29,18
984,12,Amlodipine 5mg,Antihypertensive,2025-12-29,29
985,1,Paracetamol 650mg (Dolo),Analgesic / Antipyretic,2025-12-30,54
986,2,Amoxicillin 500mg,Antibiotic,2025-12-30,13
987,3,Metformin 500mg,Antidiabetic,2025-12-30,44
988,4,Cetirizine 10mg,Antihistamine / Allergy,2025-12-30,21
989,5,Azithromycin 500mg,Antibiotic,2025-12-30,23
990,6,Atorvastatin 20mg,Cardiovascular,2025-12-30,28
991,7,Pantoprazole 40mg,Antacid / Gastrointestinal,2025-12-30,29
992,8,Cough Syrup 100ml (Ascoril),Respiratory / Antitussive,2025-12-30,18
993,9,Insulin Glargine 100IU/ml,Antidiabetic / Injectable,2025-12-30,7
994,10,ORS Electrolyte Powder Sachets,Hydration / Gastrointestinal,2025-12-30,21
995,11,Ibuprofen 400mg,Analgesic / NSAID,2025-12-30,18
996,12,Amlodipine 5mg,Antihypertensive,2025-12-30,27
997,1,Paracetamol 650mg (Dolo),Analgesic / Antipyretic,2025-12-31,71
998,2,Amoxicillin 500mg,Antibiotic,2025-12-31,19
999,3,Metformin 500mg,Antidiabetic,2025-12-31,31
1000,4,Cetirizine 10mg,Antihistamine / Allergy,2025-12-31,20
1001,5,Azithromycin 500mg,Antibiotic,2025-12-31,29
1002,6,Atorvastatin 20mg,Cardiovascular,2025-12-31,32
1003,7,Pantoprazole 40mg,Antacid / Gastrointestinal,2025-12-31,28
1004,8,Cough Syrup 100ml (Ascoril),Respiratory / Antitussive,2025-12-31,25
1005,9,Insulin Glargine 100IU/ml,Antidiabetic / Injectable,2025-12-31,9
1006,10,ORS Electrolyte Powder Sachets,Hydration / Gastrointestinal,2025-12-31,26
1007,11,Ibuprofen 400mg,Analgesic / NSAID,2025-12-31,25
1008,12,Amlodipine 5mg,Antihypertensive,2025-12-31,32
1009,1,Paracetamol 650mg (Dolo),Analgesic / Antipyretic,2026-01-01,64
1010,2,Amoxicillin 500mg,Antibiotic,2026-01-01,15
1011,3,Metformin 500mg,Antidiabetic,2026-01-01,43
1012,4,Cetirizine 10mg,Antihistamine / Allergy,2026-01-01,19
1013,5,Azithromycin 500mg,Antibiotic,2026-01-01,34
1014,6,Atorvastatin 20mg,Cardiovascular,2026-01-01,24
1015,7,Pantoprazole 40mg,Antacid / Gastrointestinal,2026-01-01,37
1016,8,Cough Syrup 100ml (Ascoril),Respiratory / Antitussive,2026-01-01,29
1017,9,Insulin Glargine 100IU/ml,Antidiabetic / Injectable,2026-01-01,6
1018,10,ORS Electrolyte Powder Sachets,Hydration / Gastrointestinal,2026-01-01,22
1019,11,Ibuprofen 400mg,Analgesic / NSAID,2026-01-01,21
1020,12,Amlodipine 5mg,Antihypertensive,2026-01-01,31
1021,1,Paracetamol 650mg (Dolo),Analgesic / Antipyretic,2026-01-02,59
1022,2,Amoxicillin 500mg,Antibiotic,2026-01-02,15
1023,3,Metformin 500mg,Antidiabetic,2026-01-02,35
1024,4,Cetirizine 10mg,Antihistamine / Allergy,2026-01-02,25
1025,5,Azithromycin 500mg,Antibiotic,2026-01-02,30
1026,6,Atorvastatin 20mg,Cardiovascular,2026-01-02,30
1027,7,Pantoprazole 40mg,Antacid / Gastrointestinal,2026-01-02,28
1028,8,Cough Syrup 100ml (Ascoril),Respiratory / Antitussive,2026-01-02,29
1029,9,Insulin Glargine 100IU/ml,Antidiabetic / Injectable,2026-01-02,9
1030,10,ORS Electrolyte Powder Sachets,Hydration / Gastrointestinal,2026-01-02,20
1031,11,Ibuprofen 400mg,Analgesic / NSAID,2026-01-02,21
1032,12,Amlodipine 5mg,Antihypertensive,2026-01-02,20
1033,1,Paracetamol 650mg (Dolo),Analgesic / Antipyretic,2026-01-03,67
1034,2,Amoxicillin 500mg,Antibiotic,2026-01-03,22
1035,3,Metformin 500mg,Antidiabetic,2026-01-03,37
1036,4,Cetirizine 10mg,Antihistamine / Allergy,2026-01-03,27
1037,5,Azithromycin 500mg,Antibiotic,2026-01-03,22
1038,6,Atorvastatin 20mg,Cardiovascular,2026-01-03,23
1039,7,Pantoprazole 40mg,Antacid / Gastrointestinal,2026-01-03,34
1040,8,Cough Syrup 100ml (Ascoril),Respiratory / Antitussive,2026-01-03,39
1041,9,Insulin Glargine 100IU/ml,Antidiabetic / Injectable,2026-01-03,12
1042,10,ORS Electrolyte Powder Sachets,Hydration / Gastrointestinal,2026-01-03,26
1043,11,Ibuprofen 400mg,Analgesic / NSAID,2026-01-03,30
1044,12,Amlodipine 5mg,Antihypertensive,2026-01-03,33
1045,1,Paracetamol 650mg (Dolo),Analgesic / Antipyretic,2026-01-04,43
1046,2,Amoxicillin 500mg,Antibiotic,2026-01-04,16
1047,3,Metformin 500mg,Antidiabetic,2026-01-04,54
1048,4,Cetirizine 10mg,Antihistamine / Allergy,2026-01-04,11
1049,5,Azithromycin 500mg,Antibiotic,2026-01-04,25
1050,6,Atorvastatin 20mg,Cardiovascular,2026-01-04,29
1051,7,Pantoprazole 40mg,Antacid / Gastrointestinal,2026-01-04,21
1052,8,Cough Syrup 100ml (Ascoril),Respiratory / Antitussive,2026-01-04,25
1053,9,Insulin Glargine 100IU/ml,Antidiabetic / Injectable,2026-01-04,7
1054,10,ORS Electrolyte Powder Sachets,Hydration / Gastrointestinal,2026-01-04,21
1055,11,Ibuprofen 400mg,Analgesic / NSAID,2026-01-04,16
1056,12,Amlodipine 5mg,Antihypertensive,2026-01-04,21
1057,1,Paracetamol 650mg (Dolo),Analgesic / Antipyretic,2026-01-05,54
1058,2,Amoxicillin 500mg,Antibiotic,2026-01-05,20
1059,3,Metformin 500mg,Antidiabetic,2026-01-05,38
1060,4,Cetirizine 10mg,Antihistamine / Allergy,2026-01-05,17
1061,5,Azithromycin 500mg,Antibiotic,2026-01-05,25
1062,6,Atorvastatin 20mg,Cardiovascular,2026-01-05,13
1063,7,Pantoprazole 40mg,Antacid / Gastrointestinal,2026-01-05,34
1064,8,Cough Syrup 100ml (Ascoril),Respiratory / Antitussive,2026-01-05,19
1065,9,Insulin Glargine 100IU/ml,Antidiabetic / Injectable,2026-01-05,7
1066,10,ORS Electrolyte Powder Sachets,Hydration / Gastrointestinal,2026-01-05,19
1067,11,Ibuprofen 400mg,Analgesic / NSAID,2026-01-05,17
1068,12,Amlodipine 5mg,Antihypertensive,2026-01-05,35
1069,1,Paracetamol 650mg (Dolo),Analgesic / Antipyretic,2026-01-06,49
1070,2,Amoxicillin 500mg,Antibiotic,2026-01-06,18
1071,3,Metformin 500mg,Antidiabetic,2026-01-06,30
1072,4,Cetirizine 10mg,Antihistamine / Allergy,2026-01-06,20
1073,5,Azithromycin 500mg,Antibiotic,2026-01-06,23
1074,6,Atorvastatin 20mg,Cardiovascular,2026-01-06,18
1075,7,Pantoprazole 40mg,Antacid / Gastrointestinal,2026-01-06,33
1076,8,Cough Syrup 100ml (Ascoril),Respiratory / Antitussive,2026-01-06,26
1077,9,Insulin Glargine 100IU/ml,Antidiabetic / Injectable,2026-01-06,4
1078,10,ORS Electrolyte Powder Sachets,Hydration / Gastrointestinal,2026-01-06,23
1079,11,Ibuprofen 400mg,Analgesic / NSAID,2026-01-06,40
1080,12,Amlodipine 5mg,Antihypertensive,2026-01-06,29
1081,1,Paracetamol 650mg (Dolo),Analgesic / Antipyretic,2026-01-07,50
1082,2,Amoxicillin 500mg,Antibiotic,2026-01-07,15
1083,3,Metformin 500mg,Antidiabetic,2026-01-07,28
1084,4,Cetirizine 10mg,Antihistamine / Allergy,2026-01-07,25
1085,5,Azithromycin 500mg,Antibiotic,2026-01-07,23
1086,6,Atorvastatin 20mg,Cardiovascular,2026-01-07,26
1087,7,Pantoprazole 40mg,Antacid / Gastrointestinal,2026-01-07,33
1088,8,Cough Syrup 100ml (Ascoril),Respiratory / Antitussive,2026-01-07,29
1089,9,Insulin Glargine 100IU/ml,Antidiabetic / Injectable,2026-01-07,6
1090,10,ORS Electrolyte Powder Sachets,Hydration / Gastrointestinal,2026-01-07,24
1091,11,Ibuprofen 400mg,Analgesic / NSAID,2026-01-07,19
1092,12,Amlodipine 5mg,Antihypertensive,2026-01-07,25
1093,1,Paracetamol 650mg (Dolo),Analgesic / Antipyretic,2026-01-08,61
1094,2,Amoxicillin 500mg,Antibiotic,2026-01-08,17
1095,3,Metformin 500mg,Antidiabetic,2026-01-08,57
1096,4,Cetirizine 10mg,Antihistamine / Allergy,2026-01-08,18
1097,5,Azithromycin 500mg,Antibiotic,2026-01-08,25
1098,6,Atorvastatin 20mg,Cardiovascular,2026-01-08,15
1099,7,Pantoprazole 40mg,Antacid / Gastrointestinal,2026-01-08,33
1100,8,Cough Syrup 100ml (Ascoril),Respiratory / Antitussive,2026-01-08,30
1101,9,Insulin Glargine 100IU/ml,Antidiabetic / Injectable,2026-01-08,9
1102,10,ORS Electrolyte Powder Sachets,Hydration / Gastrointestinal,2026-01-08,11
1103,11,Ibuprofen 400mg,Analgesic / NSAID,2026-01-08,26
1104,12,Amlodipine 5mg,Antihypertensive,2026-01-08,24
1105,1,Paracetamol 650mg (Dolo),Analgesic / Antipyretic,2026-01-09,65
1106,2,Amoxicillin 500mg,Antibiotic,2026-01-09,13
1107,3,Metformin 500mg,Antidiabetic,2026-01-09,33
1108,4,Cetirizine 10mg,Antihistamine / Allergy,2026-01-09,15
1109,5,Azithromycin 500mg,Antibiotic,2026-01-09,22
1110,6,Atorvastatin 20mg,Cardiovascular,2026-01-09,32
1111,7,Pantoprazole 40mg,Antacid / Gastrointestinal,2026-01-09,27
1112,8,Cough Syrup 100ml (Ascoril),Respiratory / Antitussive,2026-01-09,29
1113,9,Insulin Glargine 100IU/ml,Antidiabetic / Injectable,2026-01-09,8
1114,10,ORS Electrolyte Powder Sachets,Hydration / Gastrointestinal,2026-01-09,27
1115,11,Ibuprofen 400mg,Analgesic / NSAID,2026-01-09,19
1116,12,Amlodipine 5mg,Antihypertensive,2026-01-09,27
1117,1,Paracetamol 650mg (Dolo),Analgesic / Antipyretic,2026-01-10,89
1118,2,Amoxicillin 500mg,Antibiotic,2026-01-10,19
1119,3,Metformin 500mg,Antidiabetic,2026-01-10,36
1120,4,Cetirizine 10mg,Antihistamine / Allergy,2026-01-10,25
1121,5,Azithromycin 500mg,Antibiotic,2026-01-10,32
1122,6,Atorvastatin 20mg,Cardiovascular,2026-01-10,34
1123,7,Pantoprazole 40mg,Antacid / Gastrointestinal,2026-01-10,36
1124,8,Cough Syrup 100ml (Ascoril),Respiratory / Antitussive,2026-01-10,26
1125,9,Insulin Glargine 100IU/ml,Antidiabetic / Injectable,2026-01-10,11
1126,10,ORS Electrolyte Powder Sachets,Hydration / Gastrointestinal,2026-01-10,22
1127,11,Ibuprofen 400mg,Analgesic / NSAID,2026-01-10,23
1128,12,Amlodipine 5mg,Antihypertensive,2026-01-10,25
1129,1,Paracetamol 650mg (Dolo),Analgesic / Antipyretic,2026-01-11,44
1130,2,Amoxicillin 500mg,Antibiotic,2026-01-11,14
1131,3,Metformin 500mg,Antidiabetic,2026-01-11,26
1132,4,Cetirizine 10mg,Antihistamine / Allergy,2026-01-11,16
1133,5,Azithromycin 500mg,Antibiotic,2026-01-11,27
1134,6,Atorvastatin 20mg,Cardiovascular,2026-01-11,22
1135,7,Pantoprazole 40mg,Antacid / Gastrointestinal,2026-01-11,22
1136,8,Cough Syrup 100ml (Ascoril),Respiratory / Antitussive,2026-01-11,27
1137,9,Insulin Glargine 100IU/ml,Antidiabetic / Injectable,2026-01-11,8
1138,10,ORS Electrolyte Powder Sachets,Hydration / Gastrointestinal,2026-01-11,16
1139,11,Ibuprofen 400mg,Analgesic / NSAID,2026-01-11,17
1140,12,Amlodipine 5mg,Antihypertensive,2026-01-11,23
1141,1,Paracetamol 650mg (Dolo),Analgesic / Antipyretic,2026-01-12,51
1142,2,Amoxicillin 500mg,Antibiotic,2026-01-12,21
1143,3,Metformin 500mg,Antidiabetic,2026-01-12,29
1144,4,Cetirizine 10mg,Antihistamine / Allergy,2026-01-12,19
1145,5,Azithromycin 500mg,Antibiotic,2026-01-12,22
1146,6,Atorvastatin 20mg,Cardiovascular,2026-01-12,24
1147,7,Pantoprazole 40mg,Antacid / Gastrointestinal,2026-01-12,22
1148,8,Cough Syrup 100ml (Ascoril),Respiratory / Antitussive,2026-01-12,21
1149,9,Insulin Glargine 100IU/ml,Antidiabetic / Injectable,2026-01-12,10
1150,10,ORS Electrolyte Powder Sachets,Hydration / Gastrointestinal,2026-01-12,21
1151,11,Ibuprofen 400mg,Analgesic / NSAID,2026-01-12,15
1152,12,Amlodipine 5mg,Antihypertensive,2026-01-12,15
1153,1,Paracetamol 650mg (Dolo),Analgesic / Antipyretic,2026-01-13,48
1154,2,Amoxicillin 500mg,Antibiotic,2026-01-13,12
1155,3,Metformin 500mg,Antidiabetic,2026-01-13,39
1156,4,Cetirizine 10mg,Antihistamine / Allergy,2026-01-13,22
1157,5,Azithromycin 500mg,Antibiotic,2026-01-13,21
1158,6,Atorvastatin 20mg,Cardiovascular,2026-01-13,34
1159,7,Pantoprazole 40mg,Antacid / Gastrointestinal,2026-01-13,33
1160,8,Cough Syrup 100ml (Ascoril),Respiratory / Antitussive,2026-01-13,26
1161,9,Insulin Glargine 100IU/ml,Antidiabetic / Injectable,2026-01-13,2
1162,10,ORS Electrolyte Powder Sachets,Hydration / Gastrointestinal,2026-01-13,35
1163,11,Ibuprofen 400mg,Analgesic / NSAID,2026-01-13,14
1164,12,Amlodipine 5mg,Antihypertensive,2026-01-13,17
1165,1,Paracetamol 650mg (Dolo),Analgesic / Antipyretic,2026-01-14,64
1166,2,Amoxicillin 500mg,Antibiotic,2026-01-14,24
1167,3,Metformin 500mg,Antidiabetic,2026-01-14,38
1168,4,Cetirizine 10mg,Antihistamine / Allergy,2026-01-14,20
1169,5,Azithromycin 500mg,Antibiotic,2026-01-14,27
1170,6,Atorvastatin 20mg,Cardiovascular,2026-01-14,28
1171,7,Pantoprazole 40mg,Antacid / Gastrointestinal,2026-01-14,32
1172,8,Cough Syrup 100ml (Ascoril),Respiratory / Antitussive,2026-01-14,30
1173,9,Insulin Glargine 100IU/ml,Antidiabetic / Injectable,2026-01-14,7
1174,10,ORS Electrolyte Powder Sachets,Hydration / Gastrointestinal,2026-01-14,24
1175,11,Ibuprofen 400mg,Analgesic / NSAID,2026-01-14,16
1176,12,Amlodipine 5mg,Antihypertensive,2026-01-14,24
1177,1,Paracetamol 650mg (Dolo),Analgesic / Antipyretic,2026-01-15,37
1178,2,Amoxicillin 500mg,Antibiotic,2026-01-15,16
1179,3,Metformin 500mg,Antidiabetic,2026-01-15,25
1180,4,Cetirizine 10mg,Antihistamine / Allergy,2026-01-15,15
1181,5,Azithromycin 500mg,Antibiotic,2026-01-15,26
1182,6,Atorvastatin 20mg,Cardiovascular,2026-01-15,30
1183,7,Pantoprazole 40mg,Antacid / Gastrointestinal,2026-01-15,33
1184,8,Cough Syrup 100ml (Ascoril),Respiratory / Antitussive,2026-01-15,20
1185,9,Insulin Glargine 100IU/ml,Antidiabetic / Injectable,2026-01-15,5
1186,10,ORS Electrolyte Powder Sachets,Hydration / Gastrointestinal,2026-01-15,29
1187,11,Ibuprofen 400mg,Analgesic / NSAID,2026-01-15,15
1188,12,Amlodipine 5mg,Antihypertensive,2026-01-15,24
1189,1,Paracetamol 650mg (Dolo),Analgesic / Antipyretic,2026-01-16,59
1190,2,Amoxicillin 500mg,Antibiotic,2026-01-16,13
1191,3,Metformin 500mg,Antidiabetic,2026-01-16,31
1192,4,Cetirizine 10mg,Antihistamine / Allergy,2026-01-16,14
1193,5,Azithromycin 500mg,Antibiotic,2026-01-16,20
1194,6,Atorvastatin 20mg,Cardiovascular,2026-01-16,25
1195,7,Pantoprazole 40mg,Antacid / Gastrointestinal,2026-01-16,20
1196,8,Cough Syrup 100ml (Ascoril),Respiratory / Antitussive,2026-01-16,30
1197,9,Insulin Glargine 100IU/ml,Antidiabetic / Injectable,2026-01-16,7
1198,10,ORS Electrolyte Powder Sachets,Hydration / Gastrointestinal,2026-01-16,27
1199,11,Ibuprofen 400mg,Analgesic / NSAID,2026-01-16,20
1200,12,Amlodipine 5mg,Antihypertensive,2026-01-16,31
1201,1,Paracetamol 650mg (Dolo),Analgesic / Antipyretic,2026-01-17,64
1202,2,Amoxicillin 500mg,Antibiotic,2026-01-17,17
1203,3,Metformin 500mg,Antidiabetic,2026-01-17,36
1204,4,Cetirizine 10mg,Antihistamine / Allergy,2026-01-17,23
1205,5,Azithromycin 500mg,Antibiotic,2026-01-17,28
1206,6,Atorvastatin 20mg,Cardiovascular,2026-01-17,28
1207,7,Pantoprazole 40mg,Antacid / Gastrointestinal,2026-01-17,28
1208,8,Cough Syrup 100ml (Ascoril),Respiratory / Antitussive,2026-01-17,29
1209,9,Insulin Glargine 100IU/ml,Antidiabetic / Injectable,2026-01-17,5
1210,10,ORS Electrolyte Powder Sachets,Hydration / Gastrointestinal,2026-01-17,38
1211,11,Ibuprofen 400mg,Analgesic / NSAID,2026-01-17,17
1212,12,Amlodipine 5mg,Antihypertensive,2026-01-17,25
1213,1,Paracetamol 650mg (Dolo),Analgesic / Antipyretic,2026-01-18,39
1214,2,Amoxicillin 500mg,Antibiotic,2026-01-18,16
1215,3,Metformin 500mg,Antidiabetic,2026-01-18,24
1216,4,Cetirizine 10mg,Antihistamine / Allergy,2026-01-18,19
1217,5,Azithromycin 500mg,Antibiotic,2026-01-18,18
1218,6,Atorvastatin 20mg,Cardiovascular,2026-01-18,21
1219,7,Pantoprazole 40mg,Antacid / Gastrointestinal,2026-01-18,20
1220,8,Cough Syrup 100ml (Ascoril),Respiratory / Antitussive,2026-01-18,32
1221,9,Insulin Glargine 100IU/ml,Antidiabetic / Injectable,2026-01-18,3
1222,10,ORS Electrolyte Powder Sachets,Hydration / Gastrointestinal,2026-01-18,21
1223,11,Ibuprofen 400mg,Analgesic / NSAID,2026-01-18,17
1224,12,Amlodipine 5mg,Antihypertensive,2026-01-18,22
1225,1,Paracetamol 650mg (Dolo),Analgesic / Antipyretic,2026-01-19,52
1226,2,Amoxicillin 500mg,Antibiotic,2026-01-19,16
1227,3,Metformin 500mg,Antidiabetic,2026-01-19,30
1228,4,Cetirizine 10mg,Antihistamine / Allergy,2026-01-19,18
1229,5,Azithromycin 500mg,Antibiotic,2026-01-19,29
1230,6,Atorvastatin 20mg,Cardiovascular,2026-01-19,34
1231,7,Pantoprazole 40mg,Antacid / Gastrointestinal,2026-01-19,25
1232,8,Cough Syrup 100ml (Ascoril),Respiratory / Antitussive,2026-01-19,21
1233,9,Insulin Glargine 100IU/ml,Antidiabetic / Injectable,2026-01-19,6
1234,10,ORS Electrolyte Powder Sachets,Hydration / Gastrointestinal,2026-01-19,36
1235,11,Ibuprofen 400mg,Analgesic / NSAID,2026-01-19,16
1236,12,Amlodipine 5mg,Antihypertensive,2026-01-19,33
1237,1,Paracetamol 650mg (Dolo),Analgesic / Antipyretic,2026-01-20,70
1238,2,Amoxicillin 500mg,Antibiotic,2026-01-20,15
1239,3,Metformin 500mg,Antidiabetic,2026-01-20,33
1240,4,Cetirizine 10mg,Antihistamine / Allergy,2026-01-20,24
1241,5,Azithromycin 500mg,Antibiotic,2026-01-20,22
1242,6,Atorvastatin 20mg,Cardiovascular,2026-01-20,23
1243,7,Pantoprazole 40mg,Antacid / Gastrointestinal,2026-01-20,25
1244,8,Cough Syrup 100ml (Ascoril),Respiratory / Antitussive,2026-01-20,23
1245,9,Insulin Glargine 100IU/ml,Antidiabetic / Injectable,2026-01-20,5
1246,10,ORS Electrolyte Powder Sachets,Hydration / Gastrointestinal,2026-01-20,19
1247,11,Ibuprofen 400mg,Analgesic / NSAID,2026-01-20,19
1248,12,Amlodipine 5mg,Antihypertensive,2026-01-20,21
1249,1,Paracetamol 650mg (Dolo),Analgesic / Antipyretic,2026-01-21,56
1250,2,Amoxicillin 500mg,Antibiotic,2026-01-21,12
1251,3,Metformin 500mg,Antidiabetic,2026-01-21,32
1252,4,Cetirizine 10mg,Antihistamine / Allergy,2026-01-21,21
1253,5,Azithromycin 500mg,Antibiotic,2026-01-21,14
1254,6,Atorvastatin 20mg,Cardiovascular,2026-01-21,26
1255,7,Pantoprazole 40mg,Antacid / Gastrointestinal,2026-01-21,34
1256,8,Cough Syrup 100ml (Ascoril),Respiratory / Antitussive,2026-01-21,22
1257,9,Insulin Glargine 100IU/ml,Antidiabetic / Injectable,2026-01-21,10
1258,10,ORS Electrolyte Powder Sachets,Hydration / Gastrointestinal,2026-01-21,26
1259,11,Ibuprofen 400mg,Analgesic / NSAID,2026-01-21,16
1260,12,Amlodipine 5mg,Antihypertensive,2026-01-21,25
1261,1,Paracetamol 650mg (Dolo),Analgesic / Antipyretic,2026-01-22,59
1262,2,Amoxicillin 500mg,Antibiotic,2026-01-22,17
1263,3,Metformin 500mg,Antidiabetic,2026-01-22,33
1264,4,Cetirizine 10mg,Antihistamine / Allergy,2026-01-22,15
1265,5,Azithromycin 500mg,Antibiotic,2026-01-22,26
1266,6,Atorvastatin 20mg,Cardiovascular,2026-01-22,18
1267,7,Pantoprazole 40mg,Antacid / Gastrointestinal,2026-01-22,27
1268,8,Cough Syrup 100ml (Ascoril),Respiratory / Antitussive,2026-01-22,23
1269,9,Insulin Glargine 100IU/ml,Antidiabetic / Injectable,2026-01-22,5
1270,10,ORS Electrolyte Powder Sachets,Hydration / Gastrointestinal,2026-01-22,30
1271,11,Ibuprofen 400mg,Analgesic / NSAID,2026-01-22,23
1272,12,Amlodipine 5mg,Antihypertensive,2026-01-22,28
1273,1,Paracetamol 650mg (Dolo),Analgesic / Antipyretic,2026-01-23,43
1274,2,Amoxicillin 500mg,Antibiotic,2026-01-23,16
1275,3,Metformin 500mg,Antidiabetic,2026-01-23,37
1276,4,Cetirizine 10mg,Antihistamine / Allergy,2026-01-23,19
1277,5,Azithromycin 500mg,Antibiotic,2026-01-23,34
1278,6,Atorvastatin 20mg,Cardiovascular,2026-01-23,26
1279,7,Pantoprazole 40mg,Antacid / Gastrointestinal,2026-01-23,29
1280,8,Cough Syrup 100ml (Ascoril),Respiratory / Antitussive,2026-01-23,26
1281,9,Insulin Glargine 100IU/ml,Antidiabetic / Injectable,2026-01-23,7
1282,10,ORS Electrolyte Powder Sachets,Hydration / Gastrointestinal,2026-01-23,24
1283,11,Ibuprofen 400mg,Analgesic / NSAID,2026-01-23,21
1284,12,Amlodipine 5mg,Antihypertensive,2026-01-23,29
1285,1,Paracetamol 650mg (Dolo),Analgesic / Antipyretic,2026-01-24,88
1286,2,Amoxicillin 500mg,Antibiotic,2026-01-24,15
1287,3,Metformin 500mg,Antidiabetic,2026-01-24,23
1288,4,Cetirizine 10mg,Antihistamine / Allergy,2026-01-24,23
1289,5,Azithromycin 500mg,Antibiotic,2026-01-24,22
1290,6,Atorvastatin 20mg,Cardiovascular,2026-01-24,17
1291,7,Pantoprazole 40mg,Antacid / Gastrointestinal,2026-01-24,35
1292,8,Cough Syrup 100ml (Ascoril),Respiratory / Antitussive,2026-01-24,47
1293,9,Insulin Glargine 100IU/ml,Antidiabetic / Injectable,2026-01-24,8
1294,10,ORS Electrolyte Powder Sachets,Hydration / Gastrointestinal,2026-01-24,33
1295,11,Ibuprofen 400mg,Analgesic / NSAID,2026-01-24,22
1296,12,Amlodipine 5mg,Antihypertensive,2026-01-24,28
1297,1,Paracetamol 650mg (Dolo),Analgesic / Antipyretic,2026-01-25,52
1298,2,Amoxicillin 500mg,Antibiotic,2026-01-25,13
1299,3,Metformin 500mg,Antidiabetic,2026-01-25,26
1300,4,Cetirizine 10mg,Antihistamine / Allergy,2026-01-25,16
1301,5,Azithromycin 500mg,Antibiotic,2026-01-25,16
1302,6,Atorvastatin 20mg,Cardiovascular,2026-01-25,24
1303,7,Pantoprazole 40mg,Antacid / Gastrointestinal,2026-01-25,23
1304,8,Cough Syrup 100ml (Ascoril),Respiratory / Antitussive,2026-01-25,20
1305,9,Insulin Glargine 100IU/ml,Antidiabetic / Injectable,2026-01-25,7
1306,10,ORS Electrolyte Powder Sachets,Hydration / Gastrointestinal,2026-01-25,17
1307,11,Ibuprofen 400mg,Analgesic / NSAID,2026-01-25,16
1308,12,Amlodipine 5mg,Antihypertensive,2026-01-25,21
1309,1,Paracetamol 650mg (Dolo),Analgesic / Antipyretic,2026-01-26,64
1310,2,Amoxicillin 500mg,Antibiotic,2026-01-26,18
1311,3,Metformin 500mg,Antidiabetic,2026-01-26,30
1312,4,Cetirizine 10mg,Antihistamine / Allergy,2026-01-26,21
1313,5,Azithromycin 500mg,Antibiotic,2026-01-26,30
1314,6,Atorvastatin 20mg,Cardiovascular,2026-01-26,26
1315,7,Pantoprazole 40mg,Antacid / Gastrointestinal,2026-01-26,28
1316,8,Cough Syrup 100ml (Ascoril),Respiratory / Antitussive,2026-01-26,21
1317,9,Insulin Glargine 100IU/ml,Antidiabetic / Injectable,2026-01-26,5
1318,10,ORS Electrolyte Powder Sachets,Hydration / Gastrointestinal,2026-01-26,23
1319,11,Ibuprofen 400mg,Analgesic / NSAID,2026-01-26,17
1320,12,Amlodipine 5mg,Antihypertensive,2026-01-26,40
1321,1,Paracetamol 650mg (Dolo),Analgesic / Antipyretic,2026-01-27,54
1322,2,Amoxicillin 500mg,Antibiotic,2026-01-27,19
1323,3,Metformin 500mg,Antidiabetic,2026-01-27,34
1324,4,Cetirizine 10mg,Antihistamine / Allergy,2026-01-27,20
1325,5,Azithromycin 500mg,Antibiotic,2026-01-27,25
1326,6,Atorvastatin 20mg,Cardiovascular,2026-01-27,18
1327,7,Pantoprazole 40mg,Antacid / Gastrointestinal,2026-01-27,23
1328,8,Cough Syrup 100ml (Ascoril),Respiratory / Antitussive,2026-01-27,27
1329,9,Insulin Glargine 100IU/ml,Antidiabetic / Injectable,2026-01-27,5
1330,10,ORS Electrolyte Powder Sachets,Hydration / Gastrointestinal,2026-01-27,27
1331,11,Ibuprofen 400mg,Analgesic / NSAID,2026-01-27,28
1332,12,Amlodipine 5mg,Antihypertensive,2026-01-27,35
1333,1,Paracetamol 650mg (Dolo),Analgesic / Antipyretic,2026-01-28,52
1334,2,Amoxicillin 500mg,Antibiotic,2026-01-28,22
1335,3,Metformin 500mg,Antidiabetic,2026-01-28,36
1336,4,Cetirizine 10mg,Antihistamine / Allergy,2026-01-28,17
1337,5,Azithromycin 500mg,Antibiotic,2026-01-28,22
1338,6,Atorvastatin 20mg,Cardiovascular,2026-01-28,26
1339,7,Pantoprazole 40mg,Antacid / Gastrointestinal,2026-01-28,26
1340,8,Cough Syrup 100ml (Ascoril),Respiratory / Antitussive,2026-01-28,29
1341,9,Insulin Glargine 100IU/ml,Antidiabetic / Injectable,2026-01-28,8
1342,10,ORS Electrolyte Powder Sachets,Hydration / Gastrointestinal,2026-01-28,25
1343,11,Ibuprofen 400mg,Analgesic / NSAID,2026-01-28,24
1344,12,Amlodipine 5mg,Antihypertensive,2026-01-28,35
1345,1,Paracetamol 650mg (Dolo),Analgesic / Antipyretic,2026-01-29,63
1346,2,Amoxicillin 500mg,Antibiotic,2026-01-29,12
1347,3,Metformin 500mg,Antidiabetic,2026-01-29,19
1348,4,Cetirizine 10mg,Antihistamine / Allergy,2026-01-29,21
1349,5,Azithromycin 500mg,Antibiotic,2026-01-29,17
1350,6,Atorvastatin 20mg,Cardiovascular,2026-01-29,27
1351,7,Pantoprazole 40mg,Antacid / Gastrointestinal,2026-01-29,22
1352,8,Cough Syrup 100ml (Ascoril),Respiratory / Antitussive,2026-01-29,19
1353,9,Insulin Glargine 100IU/ml,Antidiabetic / Injectable,2026-01-29,9
1354,10,ORS Electrolyte Powder Sachets,Hydration / Gastrointestinal,2026-01-29,28
1355,11,Ibuprofen 400mg,Analgesic / NSAID,2026-01-29,19
1356,12,Amlodipine 5mg,Antihypertensive,2026-01-29,15
1357,1,Paracetamol 650mg (Dolo),Analgesic / Antipyretic,2026-01-30,48
1358,2,Amoxicillin 500mg,Antibiotic,2026-01-30,18
1359,3,Metformin 500mg,Antidiabetic,2026-01-30,25
1360,4,Cetirizine 10mg,Antihistamine / Allergy,2026-01-30,19
1361,5,Azithromycin 500mg,Antibiotic,2026-01-30,25
1362,6,Atorvastatin 20mg,Cardiovascular,2026-01-30,31
1363,7,Pantoprazole 40mg,Antacid / Gastrointestinal,2026-01-30,29
1364,8,Cough Syrup 100ml (Ascoril),Respiratory / Antitussive,2026-01-30,23
1365,9,Insulin Glargine 100IU/ml,Antidiabetic / Injectable,2026-01-30,10
1366,10,ORS Electrolyte Powder Sachets,Hydration / Gastrointestinal,2026-01-30,24
1367,11,Ibuprofen 400mg,Analgesic / NSAID,2026-01-30,22
1368,12,Amlodipine 5mg,Antihypertensive,2026-01-30,24
1369,1,Paracetamol 650mg (Dolo),Analgesic / Antipyretic,2026-01-31,57
1370,2,Amoxicillin 500mg,Antibiotic,2026-01-31,17
1371,3,Metformin 500mg,Antidiabetic,2026-01-31,39
1372,4,Cetirizine 10mg,Antihistamine / Allergy,2026-01-31,28
1373,5,Azithromycin 500mg,Antibiotic,2026-01-31,20
1374,6,Atorvastatin 20mg,Cardiovascular,2026-01-31,23
1375,7,Pantoprazole 40mg,Antacid / Gastrointestinal,2026-01-31,41
1376,8,Cough Syrup 100ml (Ascoril),Respiratory / Antitussive,2026-01-31,31
1377,9,Insulin Glargine 100IU/ml,Antidiabetic / Injectable,2026-01-31,8
1378,10,ORS Electrolyte Powder Sachets,Hydration / Gastrointestinal,2026-01-31,34
1379,11,Ibuprofen 400mg,Analgesic / NSAID,2026-01-31,22
1380,12,Amlodipine 5mg,Antihypertensive,2026-01-31,45
1381,1,Paracetamol 650mg (Dolo),Analgesic / Antipyretic,2026-02-01,43
1382,2,Amoxicillin 500mg,Antibiotic,2026-02-01,13
1383,3,Metformin 500mg,Antidiabetic,2026-02-01,40
1384,4,Cetirizine 10mg,Antihistamine / Allergy,2026-02-01,16
1385,5,Azithromycin 500mg,Antibiotic,2026-02-01,23
1386,6,Atorvastatin 20mg,Cardiovascular,2026-02-01,24
1387,7,Pantoprazole 40mg,Antacid / Gastrointestinal,2026-02-01,29
1388,8,Cough Syrup 100ml (Ascoril),Respiratory / Antitussive,2026-02-01,26
1389,9,Insulin Glargine 100IU/ml,Antidiabetic / Injectable,2026-02-01,6
1390,10,ORS Electrolyte Powder Sachets,Hydration / Gastrointestinal,2026-02-01,18
1391,11,Ibuprofen 400mg,Analgesic / NSAID,2026-02-01,20
1392,12,Amlodipine 5mg,Antihypertensive,2026-02-01,21
1393,1,Paracetamol 650mg (Dolo),Analgesic / Antipyretic,2026-02-02,63
1394,2,Amoxicillin 500mg,Antibiotic,2026-02-02,18
1395,3,Metformin 500mg,Antidiabetic,2026-02-02,32
1396,4,Cetirizine 10mg,Antihistamine / Allergy,2026-02-02,23
1397,5,Azithromycin 500mg,Antibiotic,2026-02-02,18
1398,6,Atorvastatin 20mg,Cardiovascular,2026-02-02,23
1399,7,Pantoprazole 40mg,Antacid / Gastrointestinal,2026-02-02,34
1400,8,Cough Syrup 100ml (Ascoril),Respiratory / Antitussive,2026-02-02,21
1401,9,Insulin Glargine 100IU/ml,Antidiabetic / Injectable,2026-02-02,6
1402,10,ORS Electrolyte Powder Sachets,Hydration / Gastrointestinal,2026-02-02,27
1403,11,Ibuprofen 400mg,Analgesic / NSAID,2026-02-02,27
1404,12,Amlodipine 5mg,Antihypertensive,2026-02-02,33
1405,1,Paracetamol 650mg (Dolo),Analgesic / Antipyretic,2026-02-03,55
1406,2,Amoxicillin 500mg,Antibiotic,2026-02-03,15
1407,3,Metformin 500mg,Antidiabetic,2026-02-03,26
1408,4,Cetirizine 10mg,Antihistamine / Allergy,2026-02-03,28
1409,5,Azithromycin 500mg,Antibiotic,2026-02-03,22
1410,6,Atorvastatin 20mg,Cardiovascular,2026-02-03,26
1411,7,Pantoprazole 40mg,Antacid / Gastrointestinal,2026-02-03,35
1412,8,Cough Syrup 100ml (Ascoril),Respiratory / Antitussive,2026-02-03,27
1413,9,Insulin Glargine 100IU/ml,Antidiabetic / Injectable,2026-02-03,9
1414,10,ORS Electrolyte Powder Sachets,Hydration / Gastrointestinal,2026-02-03,35
1415,11,Ibuprofen 400mg,Analgesic / NSAID,2026-02-03,19
1416,12,Amlodipine 5mg,Antihypertensive,2026-02-03,34
1417,1,Paracetamol 650mg (Dolo),Analgesic / Antipyretic,2026-02-04,47
1418,2,Amoxicillin 500mg,Antibiotic,2026-02-04,19
1419,3,Metformin 500mg,Antidiabetic,2026-02-04,44
1420,4,Cetirizine 10mg,Antihistamine / Allergy,2026-02-04,24
1421,5,Azithromycin 500mg,Antibiotic,2026-02-04,24
1422,6,Atorvastatin 20mg,Cardiovascular,2026-02-04,33
1423,7,Pantoprazole 40mg,Antacid / Gastrointestinal,2026-02-04,26
1424,8,Cough Syrup 100ml (Ascoril),Respiratory / Antitussive,2026-02-04,20
1425,9,Insulin Glargine 100IU/ml,Antidiabetic / Injectable,2026-02-04,6
1426,10,ORS Electrolyte Powder Sachets,Hydration / Gastrointestinal,2026-02-04,16
1427,11,Ibuprofen 400mg,Analgesic / NSAID,2026-02-04,30
1428,12,Amlodipine 5mg,Antihypertensive,2026-02-04,23
1429,1,Paracetamol 650mg (Dolo),Analgesic / Antipyretic,2026-02-05,44
1430,2,Amoxicillin 500mg,Antibiotic,2026-02-05,17
1431,3,Metformin 500mg,Antidiabetic,2026-02-05,37
1432,4,Cetirizine 10mg,Antihistamine / Allergy,2026-02-05,26
1433,5,Azithromycin 500mg,Antibiotic,2026-02-05,27
1434,6,Atorvastatin 20mg,Cardiovascular,2026-02-05,25
1435,7,Pantoprazole 40mg,Antacid / Gastrointestinal,2026-02-05,27
1436,8,Cough Syrup 100ml (Ascoril),Respiratory / Antitussive,2026-02-05,25
1437,9,Insulin Glargine 100IU/ml,Antidiabetic / Injectable,2026-02-05,7
1438,10,ORS Electrolyte Powder Sachets,Hydration / Gastrointestinal,2026-02-05,32
1439,11,Ibuprofen 400mg,Analgesic / NSAID,2026-02-05,24
1440,12,Amlodipine 5mg,Antihypertensive,2026-02-05,33
1441,1,Paracetamol 650mg (Dolo),Analgesic / Antipyretic,2026-02-06,52
1442,2,Amoxicillin 500mg,Antibiotic,2026-02-06,22
1443,3,Metformin 500mg,Antidiabetic,2026-02-06,31
1444,4,Cetirizine 10mg,Antihistamine / Allergy,2026-02-06,17
1445,5,Azithromycin 500mg,Antibiotic,2026-02-06,27
1446,6,Atorvastatin 20mg,Cardiovascular,2026-02-06,21
1447,7,Pantoprazole 40mg,Antacid / Gastrointestinal,2026-02-06,25
1448,8,Cough Syrup 100ml (Ascoril),Respiratory / Antitussive,2026-02-06,27
1449,9,Insulin Glargine 100IU/ml,Antidiabetic / Injectable,2026-02-06,9
1450,10,ORS Electrolyte Powder Sachets,Hydration / Gastrointestinal,2026-02-06,25
1451,11,Ibuprofen 400mg,Analgesic / NSAID,2026-02-06,20
1452,12,Amlodipine 5mg,Antihypertensive,2026-02-06,33
1453,1,Paracetamol 650mg (Dolo),Analgesic / Antipyretic,2026-02-07,56
1454,2,Amoxicillin 500mg,Antibiotic,2026-02-07,31
1455,3,Metformin 500mg,Antidiabetic,2026-02-07,39
1456,4,Cetirizine 10mg,Antihistamine / Allergy,2026-02-07,17
1457,5,Azithromycin 500mg,Antibiotic,2026-02-07,32
1458,6,Atorvastatin 20mg,Cardiovascular,2026-02-07,30
1459,7,Pantoprazole 40mg,Antacid / Gastrointestinal,2026-02-07,40
1460,8,Cough Syrup 100ml (Ascoril),Respiratory / Antitussive,2026-02-07,31
1461,9,Insulin Glargine 100IU/ml,Antidiabetic / Injectable,2026-02-07,7
1462,10,ORS Electrolyte Powder Sachets,Hydration / Gastrointestinal,2026-02-07,22
1463,11,Ibuprofen 400mg,Analgesic / NSAID,2026-02-07,21
1464,12,Amlodipine 5mg,Antihypertensive,2026-02-07,24
1465,1,Paracetamol 650mg (Dolo),Analgesic / Antipyretic,2026-02-08,34
1466,2,Amoxicillin 500mg,Antibiotic,2026-02-08,17
1467,3,Metformin 500mg,Antidiabetic,2026-02-08,33
1468,4,Cetirizine 10mg,Antihistamine / Allergy,2026-02-08,20
1469,5,Azithromycin 500mg,Antibiotic,2026-02-08,16
1470,6,Atorvastatin 20mg,Cardiovascular,2026-02-08,22
1471,7,Pantoprazole 40mg,Antacid / Gastrointestinal,2026-02-08,28
1472,8,Cough Syrup 100ml (Ascoril),Respiratory / Antitussive,2026-02-08,18
1473,9,Insulin Glargine 100IU/ml,Antidiabetic / Injectable,2026-02-08,5
1474,10,ORS Electrolyte Powder Sachets,Hydration / Gastrointestinal,2026-02-08,21
1475,11,Ibuprofen 400mg,Analgesic / NSAID,2026-02-08,13
1476,12,Amlodipine 5mg,Antihypertensive,2026-02-08,23
1477,1,Paracetamol 650mg (Dolo),Analgesic / Antipyretic,2026-02-09,45
1478,2,Amoxicillin 500mg,Antibiotic,2026-02-09,20
1479,3,Metformin 500mg,Antidiabetic,2026-02-09,25
1480,4,Cetirizine 10mg,Antihistamine / Allergy,2026-02-09,20
1481,5,Azithromycin 500mg,Antibiotic,2026-02-09,28
1482,6,Atorvastatin 20mg,Cardiovascular,2026-02-09,22
1483,7,Pantoprazole 40mg,Antacid / Gastrointestinal,2026-02-09,37
1484,8,Cough Syrup 100ml (Ascoril),Respiratory / Antitussive,2026-02-09,22
1485,9,Insulin Glargine 100IU/ml,Antidiabetic / Injectable,2026-02-09,7
1486,10,ORS Electrolyte Powder Sachets,Hydration / Gastrointestinal,2026-02-09,29
1487,11,Ibuprofen 400mg,Analgesic / NSAID,2026-02-09,14
1488,12,Amlodipine 5mg,Antihypertensive,2026-02-09,17
1489,1,Paracetamol 650mg (Dolo),Analgesic / Antipyretic,2026-02-10,33
1490,2,Amoxicillin 500mg,Antibiotic,2026-02-10,23
1491,3,Metformin 500mg,Antidiabetic,2026-02-10,27
1492,4,Cetirizine 10mg,Antihistamine / Allergy,2026-02-10,33
1493,5,Azithromycin 500mg,Antibiotic,2026-02-10,21
1494,6,Atorvastatin 20mg,Cardiovascular,2026-02-10,25
1495,7,Pantoprazole 40mg,Antacid / Gastrointestinal,2026-02-10,36
1496,8,Cough Syrup 100ml (Ascoril),Respiratory / Antitussive,2026-02-10,33
1497,9,Insulin Glargine 100IU/ml,Antidiabetic / Injectable,2026-02-10,11
1498,10,ORS Electrolyte Powder Sachets,Hydration / Gastrointestinal,2026-02-10,30
1499,11,Ibuprofen 400mg,Analgesic / NSAID,2026-02-10,22
1500,12,Amlodipine 5mg,Antihypertensive,2026-02-10,28
1501,1,Paracetamol 650mg (Dolo),Analgesic / Antipyretic,2026-02-11,53
1502,2,Amoxicillin 500mg,Antibiotic,2026-02-11,17
1503,3,Metformin 500mg,Antidiabetic,2026-02-11,26
1504,4,Cetirizine 10mg,Antihistamine / Allergy,2026-02-11,22
1505,5,Azithromycin 500mg,Antibiotic,2026-02-11,23
1506,6,Atorvastatin 20mg,Cardiovascular,2026-02-11,22
1507,7,Pantoprazole 40mg,Antacid / Gastrointestinal,2026-02-11,32
1508,8,Cough Syrup 100ml (Ascoril),Respiratory / Antitussive,2026-02-11,28
1509,9,Insulin Glargine 100IU/ml,Antidiabetic / Injectable,2026-02-11,7
1510,10,ORS Electrolyte Powder Sachets,Hydration / Gastrointestinal,2026-02-11,31
1511,11,Ibuprofen 400mg,Analgesic / NSAID,2026-02-11,15
1512,12,Amlodipine 5mg,Antihypertensive,2026-02-11,24
1513,1,Paracetamol 650mg (Dolo),Analgesic / Antipyretic,2026-02-12,40
1514,2,Amoxicillin 500mg,Antibiotic,2026-02-12,12
1515,3,Metformin 500mg,Antidiabetic,2026-02-12,30
1516,4,Cetirizine 10mg,Antihistamine / Allergy,2026-02-12,22
1517,5,Azithromycin 500mg,Antibiotic,2026-02-12,28
1518,6,Atorvastatin 20mg,Cardiovascular,2026-02-12,27
1519,7,Pantoprazole 40mg,Antacid / Gastrointestinal,2026-02-12,23
1520,8,Cough Syrup 100ml (Ascoril),Respiratory / Antitussive,2026-02-12,32
1521,9,Insulin Glargine 100IU/ml,Antidiabetic / Injectable,2026-02-12,9
1522,10,ORS Electrolyte Powder Sachets,Hydration / Gastrointestinal,2026-02-12,27
1523,11,Ibuprofen 400mg,Analgesic / NSAID,2026-02-12,18
1524,12,Amlodipine 5mg,Antihypertensive,2026-02-12,21
1525,1,Paracetamol 650mg (Dolo),Analgesic / Antipyretic,2026-02-13,43
1526,2,Amoxicillin 500mg,Antibiotic,2026-02-13,23
1527,3,Metformin 500mg,Antidiabetic,2026-02-13,40
1528,4,Cetirizine 10mg,Antihistamine / Allergy,2026-02-13,29
1529,5,Azithromycin 500mg,Antibiotic,2026-02-13,21
1530,6,Atorvastatin 20mg,Cardiovascular,2026-02-13,19
1531,7,Pantoprazole 40mg,Antacid / Gastrointestinal,2026-02-13,29
1532,8,Cough Syrup 100ml (Ascoril),Respiratory / Antitussive,2026-02-13,16
1533,9,Insulin Glargine 100IU/ml,Antidiabetic / Injectable,2026-02-13,7
1534,10,ORS Electrolyte Powder Sachets,Hydration / Gastrointestinal,2026-02-13,24
1535,11,Ibuprofen 400mg,Analgesic / NSAID,2026-02-13,17
1536,12,Amlodipine 5mg,Antihypertensive,2026-02-13,18
1537,1,Paracetamol 650mg (Dolo),Analgesic / Antipyretic,2026-02-14,59
1538,2,Amoxicillin 500mg,Antibiotic,2026-02-14,20
1539,3,Metformin 500mg,Antidiabetic,2026-02-14,27
1540,4,Cetirizine 10mg,Antihistamine / Allergy,2026-02-14,12
1541,5,Azithromycin 500mg,Antibiotic,2026-02-14,27
1542,6,Atorvastatin 20mg,Cardiovascular,2026-02-14,37
1543,7,Pantoprazole 40mg,Antacid / Gastrointestinal,2026-02-14,42
1544,8,Cough Syrup 100ml (Ascoril),Respiratory / Antitussive,2026-02-14,26
1545,9,Insulin Glargine 100IU/ml,Antidiabetic / Injectable,2026-02-14,7
1546,10,ORS Electrolyte Powder Sachets,Hydration / Gastrointestinal,2026-02-14,31
1547,11,Ibuprofen 400mg,Analgesic / NSAID,2026-02-14,18
1548,12,Amlodipine 5mg,Antihypertensive,2026-02-14,31
1549,1,Paracetamol 650mg (Dolo),Analgesic / Antipyretic,2026-02-15,44
1550,2,Amoxicillin 500mg,Antibiotic,2026-02-15,20
1551,3,Metformin 500mg,Antidiabetic,2026-02-15,25
1552,4,Cetirizine 10mg,Antihistamine / Allergy,2026-02-15,18
1553,5,Azithromycin 500mg,Antibiotic,2026-02-15,17
1554,6,Atorvastatin 20mg,Cardiovascular,2026-02-15,17
1555,7,Pantoprazole 40mg,Antacid / Gastrointestinal,2026-02-15,22
1556,8,Cough Syrup 100ml (Ascoril),Respiratory / Antitussive,2026-02-15,21
1557,9,Insulin Glargine 100IU/ml,Antidiabetic / Injectable,2026-02-15,7
1558,10,ORS Electrolyte Powder Sachets,Hydration / Gastrointestinal,2026-02-15,17
1559,11,Ibuprofen 400mg,Analgesic / NSAID,2026-02-15,20
1560,12,Amlodipine 5mg,Antihypertensive,2026-02-15,20
1561,1,Paracetamol 650mg (Dolo),Analgesic / Antipyretic,2026-02-16,46
1562,2,Amoxicillin 500mg,Antibiotic,2026-02-16,17
1563,3,Metformin 500mg,Antidiabetic,2026-02-16,17
1564,4,Cetirizine 10mg,Antihistamine / Allergy,2026-02-16,26
1565,5,Azithromycin 500mg,Antibiotic,2026-02-16,27
1566,6,Atorvastatin 20mg,Cardiovascular,2026-02-16,23
1567,7,Pantoprazole 40mg,Antacid / Gastrointestinal,2026-02-16,28
1568,8,Cough Syrup 100ml (Ascoril),Respiratory / Antitussive,2026-02-16,26
1569,9,Insulin Glargine 100IU/ml,Antidiabetic / Injectable,2026-02-16,4
1570,10,ORS Electrolyte Powder Sachets,Hydration / Gastrointestinal,2026-02-16,22
1571,11,Ibuprofen 400mg,Analgesic / NSAID,2026-02-16,22
1572,12,Amlodipine 5mg,Antihypertensive,2026-02-16,19
1573,1,Paracetamol 650mg (Dolo),Analgesic / Antipyretic,2026-02-17,49
1574,2,Amoxicillin 500mg,Antibiotic,2026-02-17,15
1575,3,Metformin 500mg,Antidiabetic,2026-02-17,33
1576,4,Cetirizine 10mg,Antihistamine / Allergy,2026-02-17,22
1577,5,Azithromycin 500mg,Antibiotic,2026-02-17,16
1578,6,Atorvastatin 20mg,Cardiovascular,2026-02-17,29
1579,7,Pantoprazole 40mg,Antacid / Gastrointestinal,2026-02-17,24
1580,8,Cough Syrup 100ml (Ascoril),Respiratory / Antitussive,2026-02-17,21
1581,9,Insulin Glargine 100IU/ml,Antidiabetic / Injectable,2026-02-17,7
1582,10,ORS Electrolyte Powder Sachets,Hydration / Gastrointestinal,2026-02-17,30
1583,11,Ibuprofen 400mg,Analgesic / NSAID,2026-02-17,15
1584,12,Amlodipine 5mg,Antihypertensive,2026-02-17,25
1585,1,Paracetamol 650mg (Dolo),Analgesic / Antipyretic,2026-02-18,50
1586,2,Amoxicillin 500mg,Antibiotic,2026-02-18,22
1587,3,Metformin 500mg,Antidiabetic,2026-02-18,31
1588,4,Cetirizine 10mg,Antihistamine / Allergy,2026-02-18,21
1589,5,Azithromycin 500mg,Antibiotic,2026-02-18,21
1590,6,Atorvastatin 20mg,Cardiovascular,2026-02-18,24
1591,7,Pantoprazole 40mg,Antacid / Gastrointestinal,2026-02-18,23
1592,8,Cough Syrup 100ml (Ascoril),Respiratory / Antitussive,2026-02-18,11
1593,9,Insulin Glargine 100IU/ml,Antidiabetic / Injectable,2026-02-18,8
1594,10,ORS Electrolyte Powder Sachets,Hydration / Gastrointestinal,2026-02-18,29
1595,11,Ibuprofen 400mg,Analgesic / NSAID,2026-02-18,11
1596,12,Amlodipine 5mg,Antihypertensive,2026-02-18,20
1597,1,Paracetamol 650mg (Dolo),Analgesic / Antipyretic,2026-02-19,51
1598,2,Amoxicillin 500mg,Antibiotic,2026-02-19,28
1599,3,Metformin 500mg,Antidiabetic,2026-02-19,30
1600,4,Cetirizine 10mg,Antihistamine / Allergy,2026-02-19,19
1601,5,Azithromycin 500mg,Antibiotic,2026-02-19,21
1602,6,Atorvastatin 20mg,Cardiovascular,2026-02-19,30
1603,7,Pantoprazole 40mg,Antacid / Gastrointestinal,2026-02-19,25
1604,8,Cough Syrup 100ml (Ascoril),Respiratory / Antitussive,2026-02-19,21
1605,9,Insulin Glargine 100IU/ml,Antidiabetic / Injectable,2026-02-19,10
1606,10,ORS Electrolyte Powder Sachets,Hydration / Gastrointestinal,2026-02-19,20
1607,11,Ibuprofen 400mg,Analgesic / NSAID,2026-02-19,19
1608,12,Amlodipine 5mg,Antihypertensive,2026-02-19,32
1609,1,Paracetamol 650mg (Dolo),Analgesic / Antipyretic,2026-02-20,49
1610,2,Amoxicillin 500mg,Antibiotic,2026-02-20,19
1611,3,Metformin 500mg,Antidiabetic,2026-02-20,28
1612,4,Cetirizine 10mg,Antihistamine / Allergy,2026-02-20,16
1613,5,Azithromycin 500mg,Antibiotic,2026-02-20,29
1614,6,Atorvastatin 20mg,Cardiovascular,2026-02-20,24
1615,7,Pantoprazole 40mg,Antacid / Gastrointestinal,2026-02-20,27
1616,8,Cough Syrup 100ml (Ascoril),Respiratory / Antitussive,2026-02-20,38
1617,9,Insulin Glargine 100IU/ml,Antidiabetic / Injectable,2026-02-20,7
1618,10,ORS Electrolyte Powder Sachets,Hydration / Gastrointestinal,2026-02-20,21
1619,11,Ibuprofen 400mg,Analgesic / NSAID,2026-02-20,17
1620,12,Amlodipine 5mg,Antihypertensive,2026-02-20,30
1621,1,Paracetamol 650mg (Dolo),Analgesic / Antipyretic,2026-02-21,55
1622,2,Amoxicillin 500mg,Antibiotic,2026-02-21,17
1623,3,Metformin 500mg,Antidiabetic,2026-02-21,41
1624,4,Cetirizine 10mg,Antihistamine / Allergy,2026-02-21,23
1625,5,Azithromycin 500mg,Antibiotic,2026-02-21,38
1626,6,Atorvastatin 20mg,Cardiovascular,2026-02-21,33
1627,7,Pantoprazole 40mg,Antacid / Gastrointestinal,2026-02-21,30
1628,8,Cough Syrup 100ml (Ascoril),Respiratory / Antitussive,2026-02-21,35
1629,9,Insulin Glargine 100IU/ml,Antidiabetic / Injectable,2026-02-21,8
1630,10,ORS Electrolyte Powder Sachets,Hydration / Gastrointestinal,2026-02-21,33
1631,11,Ibuprofen 400mg,Analgesic / NSAID,2026-02-21,24
1632,12,Amlodipine 5mg,Antihypertensive,2026-02-21,25
1633,1,Paracetamol 650mg (Dolo),Analgesic / Antipyretic,2026-02-22,34
1634,2,Amoxicillin 500mg,Antibiotic,2026-02-22,20
1635,3,Metformin 500mg,Antidiabetic,2026-02-22,23
1636,4,Cetirizine 10mg,Antihistamine / Allergy,2026-02-22,17
1637,5,Azithromycin 500mg,Antibiotic,2026-02-22,16
1638,6,Atorvastatin 20mg,Cardiovascular,2026-02-22,21
1639,7,Pantoprazole 40mg,Antacid / Gastrointestinal,2026-02-22,32
1640,8,Cough Syrup 100ml (Ascoril),Respiratory / Antitussive,2026-02-22,16
1641,9,Insulin Glargine 100IU/ml,Antidiabetic / Injectable,2026-02-22,5
1642,10,ORS Electrolyte Powder Sachets,Hydration / Gastrointestinal,2026-02-22,26
1643,11,Ibuprofen 400mg,Analgesic / NSAID,2026-02-22,15
1644,12,Amlodipine 5mg,Antihypertensive,2026-02-22,22
1645,1,Paracetamol 650mg (Dolo),Analgesic / Antipyretic,2026-02-23,37
1646,2,Amoxicillin 500mg,Antibiotic,2026-02-23,22
1647,3,Metformin 500mg,Antidiabetic,2026-02-23,29
1648,4,Cetirizine 10mg,Antihistamine / Allergy,2026-02-23,26
1649,5,Azithromycin 500mg,Antibiotic,2026-02-23,28
1650,6,Atorvastatin 20mg,Cardiovascular,2026-02-23,35
1651,7,Pantoprazole 40mg,Antacid / Gastrointestinal,2026-02-23,31
1652,8,Cough Syrup 100ml (Ascoril),Respiratory / Antitussive,2026-02-23,26
1653,9,Insulin Glargine 100IU/ml,Antidiabetic / Injectable,2026-02-23,7
1654,10,ORS Electrolyte Powder Sachets,Hydration / Gastrointestinal,2026-02-23,23
1655,11,Ibuprofen 400mg,Analgesic / NSAID,2026-02-23,20
1656,12,Amlodipine 5mg,Antihypertensive,2026-02-23,24
1657,1,Paracetamol 650mg (Dolo),Analgesic / Antipyretic,2026-02-24,48
1658,2,Amoxicillin 500mg,Antibiotic,2026-02-24,26
1659,3,Metformin 500mg,Antidiabetic,2026-02-24,25
1660,4,Cetirizine 10mg,Antihistamine / Allergy,2026-02-24,27
1661,5,Azithromycin 500mg,Antibiotic,2026-02-24,28
1662,6,Atorvastatin 20mg,Cardiovascular,2026-02-24,23
1663,7,Pantoprazole 40mg,Antacid / Gastrointestinal,2026-02-24,17
1664,8,Cough Syrup 100ml (Ascoril),Respiratory / Antitussive,2026-02-24,21
1665,9,Insulin Glargine 100IU/ml,Antidiabetic / Injectable,2026-02-24,9
1666,10,ORS Electrolyte Powder Sachets,Hydration / Gastrointestinal,2026-02-24,25
1667,11,Ibuprofen 400mg,Analgesic / NSAID,2026-02-24,15
1668,12,Amlodipine 5mg,Antihypertensive,2026-02-24,23
1669,1,Paracetamol 650mg (Dolo),Analgesic / Antipyretic,2026-02-25,88
1670,2,Amoxicillin 500mg,Antibiotic,2026-02-25,23
1671,3,Metformin 500mg,Antidiabetic,2026-02-25,29
1672,4,Cetirizine 10mg,Antihistamine / Allergy,2026-02-25,21
1673,5,Azithromycin 500mg,Antibiotic,2026-02-25,24
1674,6,Atorvastatin 20mg,Cardiovascular,2026-02-25,20
1675,7,Pantoprazole 40mg,Antacid / Gastrointestinal,2026-02-25,36
1676,8,Cough Syrup 100ml (Ascoril),Respiratory / Antitussive,2026-02-25,23
1677,9,Insulin Glargine 100IU/ml,Antidiabetic / Injectable,2026-02-25,9
1678,10,ORS Electrolyte Powder Sachets,Hydration / Gastrointestinal,2026-02-25,32
1679,11,Ibuprofen 400mg,Analgesic / NSAID,2026-02-25,22
1680,12,Amlodipine 5mg,Antihypertensive,2026-02-25,23
1681,1,Paracetamol 650mg (Dolo),Analgesic / Antipyretic,2026-02-26,50
1682,2,Amoxicillin 500mg,Antibiotic,2026-02-26,21
1683,3,Metformin 500mg,Antidiabetic,2026-02-26,25
1684,4,Cetirizine 10mg,Antihistamine / Allergy,2026-02-26,24
1685,5,Azithromycin 500mg,Antibiotic,2026-02-26,20
1686,6,Atorvastatin 20mg,Cardiovascular,2026-02-26,29
1687,7,Pantoprazole 40mg,Antacid / Gastrointestinal,2026-02-26,26
1688,8,Cough Syrup 100ml (Ascoril),Respiratory / Antitussive,2026-02-26,25
1689,9,Insulin Glargine 100IU/ml,Antidiabetic / Injectable,2026-02-26,7
1690,10,ORS Electrolyte Powder Sachets,Hydration / Gastrointestinal,2026-02-26,24
1691,11,Ibuprofen 400mg,Analgesic / NSAID,2026-02-26,21
1692,12,Amlodipine 5mg,Antihypertensive,2026-02-26,23
1693,1,Paracetamol 650mg (Dolo),Analgesic / Antipyretic,2026-02-27,54
1694,2,Amoxicillin 500mg,Antibiotic,2026-02-27,16
1695,3,Metformin 500mg,Antidiabetic,2026-02-27,35
1696,4,Cetirizine 10mg,Antihistamine / Allergy,2026-02-27,50
1697,5,Azithromycin 500mg,Antibiotic,2026-02-27,19
1698,6,Atorvastatin 20mg,Cardiovascular,2026-02-27,24
1699,7,Pantoprazole 40mg,Antacid / Gastrointestinal,2026-02-27,31
1700,8,Cough Syrup 100ml (Ascoril),Respiratory / Antitussive,2026-02-27,25
1701,9,Insulin Glargine 100IU/ml,Antidiabetic / Injectable,2026-02-27,8
1702,10,ORS Electrolyte Powder Sachets,Hydration / Gastrointestinal,2026-02-27,27
1703,11,Ibuprofen 400mg,Analgesic / NSAID,2026-02-27,24
1704,12,Amlodipine 5mg,Antihypertensive,2026-02-27,35
1705,1,Paracetamol 650mg (Dolo),Analgesic / Antipyretic,2026-02-28,58
1706,2,Amoxicillin 500mg,Antibiotic,2026-02-28,24
1707,3,Metformin 500mg,Antidiabetic,2026-02-28,45
1708,4,Cetirizine 10mg,Antihistamine / Allergy,2026-02-28,35
1709,5,Azithromycin 500mg,Antibiotic,2026-02-28,26
1710,6,Atorvastatin 20mg,Cardiovascular,2026-02-28,26
1711,7,Pantoprazole 40mg,Antacid / Gastrointestinal,2026-02-28,39
1712,8,Cough Syrup 100ml (Ascoril),Respiratory / Antitussive,2026-02-28,27
1713,9,Insulin Glargine 100IU/ml,Antidiabetic / Injectable,2026-02-28,5
1714,10,ORS Electrolyte Powder Sachets,Hydration / Gastrointestinal,2026-02-28,33
1715,11,Ibuprofen 400mg,Analgesic / NSAID,2026-02-28,23
1716,12,Amlodipine 5mg,Antihypertensive,2026-02-28,33
1717,1,Paracetamol 650mg (Dolo),Analgesic / Antipyretic,2026-03-01,35
1718,2,Amoxicillin 500mg,Antibiotic,2026-03-01,19
1719,3,Metformin 500mg,Antidiabetic,2026-03-01,33
1720,4,Cetirizine 10mg,Antihistamine / Allergy,2026-03-01,21
1721,5,Azithromycin 500mg,Antibiotic,2026-03-01,12
1722,6,Atorvastatin 20mg,Cardiovascular,2026-03-01,22
1723,7,Pantoprazole 40mg,Antacid / Gastrointestinal,2026-03-01,26
1724,8,Cough Syrup 100ml (Ascoril),Respiratory / Antitussive,2026-03-01,19
1725,9,Insulin Glargine 100IU/ml,Antidiabetic / Injectable,2026-03-01,4
1726,10,ORS Electrolyte Powder Sachets,Hydration / Gastrointestinal,2026-03-01,28
1727,11,Ibuprofen 400mg,Analgesic / NSAID,2026-03-01,16
1728,12,Amlodipine 5mg,Antihypertensive,2026-03-01,27
1729,1,Paracetamol 650mg (Dolo),Analgesic / Antipyretic,2026-03-02,42
1730,2,Amoxicillin 500mg,Antibiotic,2026-03-02,30
1731,3,Metformin 500mg,Antidiabetic,2026-03-02,55
1732,4,Cetirizine 10mg,Antihistamine / Allergy,2026-03-02,26
1733,5,Azithromycin 500mg,Antibiotic,2026-03-02,14
1734,6,Atorvastatin 20mg,Cardiovascular,2026-03-02,26
1735,7,Pantoprazole 40mg,Antacid / Gastrointestinal,2026-03-02,32
1736,8,Cough Syrup 100ml (Ascoril),Respiratory / Antitussive,2026-03-02,14
1737,9,Insulin Glargine 100IU/ml,Antidiabetic / Injectable,2026-03-02,6
1738,10,ORS Electrolyte Powder Sachets,Hydration / Gastrointestinal,2026-03-02,22
1739,11,Ibuprofen 400mg,Analgesic / NSAID,2026-03-02,26
1740,12,Amlodipine 5mg,Antihypertensive,2026-03-02,38
1741,1,Paracetamol 650mg (Dolo),Analgesic / Antipyretic,2026-03-03,39
1742,2,Amoxicillin 500mg,Antibiotic,2026-03-03,22
1743,3,Metformin 500mg,Antidiabetic,2026-03-03,35
1744,4,Cetirizine 10mg,Antihistamine / Allergy,2026-03-03,34
1745,5,Azithromycin 500mg,Antibiotic,2026-03-03,11
1746,6,Atorvastatin 20mg,Cardiovascular,2026-03-03,29
1747,7,Pantoprazole 40mg,Antacid / Gastrointestinal,2026-03-03,33
1748,8,Cough Syrup 100ml (Ascoril),Respiratory / Antitussive,2026-03-03,22
1749,9,Insulin Glargine 100IU/ml,Antidiabetic / Injectable,2026-03-03,8
1750,10,ORS Electrolyte Powder Sachets,Hydration / Gastrointestinal,2026-03-03,33
1751,11,Ibuprofen 400mg,Analgesic / NSAID,2026-03-03,11
1752,12,Amlodipine 5mg,Antihypertensive,2026-03-03,32
1753,1,Paracetamol 650mg (Dolo),Analgesic / Antipyretic,2026-03-04,35
1754,2,Amoxicillin 500mg,Antibiotic,2026-03-04,15
1755,3,Metformin 500mg,Antidiabetic,2026-03-04,38
1756,4,Cetirizine 10mg,Antihistamine / Allergy,2026-03-04,35
1757,5,Azithromycin 500mg,Antibiotic,2026-03-04,14
1758,6,Atorvastatin 20mg,Cardiovascular,2026-03-04,32
1759,7,Pantoprazole 40mg,Antacid / Gastrointestinal,2026-03-04,36
1760,8,Cough Syrup 100ml (Ascoril),Respiratory / Antitussive,2026-03-04,25
1761,9,Insulin Glargine 100IU/ml,Antidiabetic / Injectable,2026-03-04,11
1762,10,ORS Electrolyte Powder Sachets,Hydration / Gastrointestinal,2026-03-04,32
1763,11,Ibuprofen 400mg,Analgesic / NSAID,2026-03-04,22
1764,12,Amlodipine 5mg,Antihypertensive,2026-03-04,20
1765,1,Paracetamol 650mg (Dolo),Analgesic / Antipyretic,2026-03-05,38
1766,2,Amoxicillin 500mg,Antibiotic,2026-03-05,19
1767,3,Metformin 500mg,Antidiabetic,2026-03-05,48
1768,4,Cetirizine 10mg,Antihistamine / Allergy,2026-03-05,27
1769,5,Azithromycin 500mg,Antibiotic,2026-03-05,13
1770,6,Atorvastatin 20mg,Cardiovascular,2026-03-05,30
1771,7,Pantoprazole 40mg,Antacid / Gastrointestinal,2026-03-05,28
1772,8,Cough Syrup 100ml (Ascoril),Respiratory / Antitussive,2026-03-05,27
1773,9,Insulin Glargine 100IU/ml,Antidiabetic / Injectable,2026-03-05,6
1774,10,ORS Electrolyte Powder Sachets,Hydration / Gastrointestinal,2026-03-05,29
1775,11,Ibuprofen 400mg,Analgesic / NSAID,2026-03-05,19
1776,12,Amlodipine 5mg,Antihypertensive,2026-03-05,22
1777,1,Paracetamol 650mg (Dolo),Analgesic / Antipyretic,2026-03-06,35
1778,2,Amoxicillin 500mg,Antibiotic,2026-03-06,23
1779,3,Metformin 500mg,Antidiabetic,2026-03-06,28
1780,4,Cetirizine 10mg,Antihistamine / Allergy,2026-03-06,24
1781,5,Azithromycin 500mg,Antibiotic,2026-03-06,10
1782,6,Atorvastatin 20mg,Cardiovascular,2026-03-06,24
1783,7,Pantoprazole 40mg,Antacid / Gastrointestinal,2026-03-06,20
1784,8,Cough Syrup 100ml (Ascoril),Respiratory / Antitussive,2026-03-06,23
1785,9,Insulin Glargine 100IU/ml,Antidiabetic / Injectable,2026-03-06,7
1786,10,ORS Electrolyte Powder Sachets,Hydration / Gastrointestinal,2026-03-06,20
1787,11,Ibuprofen 400mg,Analgesic / NSAID,2026-03-06,18
1788,12,Amlodipine 5mg,Antihypertensive,2026-03-06,22
1789,1,Paracetamol 650mg (Dolo),Analgesic / Antipyretic,2026-03-07,48
1790,2,Amoxicillin 500mg,Antibiotic,2026-03-07,33
1791,3,Metformin 500mg,Antidiabetic,2026-03-07,23
1792,4,Cetirizine 10mg,Antihistamine / Allergy,2026-03-07,33
1793,5,Azithromycin 500mg,Antibiotic,2026-03-07,16
1794,6,Atorvastatin 20mg,Cardiovascular,2026-03-07,31
1795,7,Pantoprazole 40mg,Antacid / Gastrointestinal,2026-03-07,34
1796,8,Cough Syrup 100ml (Ascoril),Respiratory / Antitussive,2026-03-07,20
1797,9,Insulin Glargine 100IU/ml,Antidiabetic / Injectable,2026-03-07,7
1798,10,ORS Electrolyte Powder Sachets,Hydration / Gastrointestinal,2026-03-07,28
1799,11,Ibuprofen 400mg,Analgesic / NSAID,2026-03-07,26
1800,12,Amlodipine 5mg,Antihypertensive,2026-03-07,29
1801,1,Paracetamol 650mg (Dolo),Analgesic / Antipyretic,2026-03-08,44
1802,2,Amoxicillin 500mg,Antibiotic,2026-03-08,19
1803,3,Metformin 500mg,Antidiabetic,2026-03-08,22
1804,4,Cetirizine 10mg,Antihistamine / Allergy,2026-03-08,17
1805,5,Azithromycin 500mg,Antibiotic,2026-03-08,7
1806,6,Atorvastatin 20mg,Cardiovascular,2026-03-08,14
1807,7,Pantoprazole 40mg,Antacid / Gastrointestinal,2026-03-08,24
1808,8,Cough Syrup 100ml (Ascoril),Respiratory / Antitussive,2026-03-08,19
1809,9,Insulin Glargine 100IU/ml,Antidiabetic / Injectable,2026-03-08,2
1810,10,ORS Electrolyte Powder Sachets,Hydration / Gastrointestinal,2026-03-08,27
1811,11,Ibuprofen 400mg,Analgesic / NSAID,2026-03-08,24
1812,12,Amlodipine 5mg,Antihypertensive,2026-03-08,21
1813,1,Paracetamol 650mg (Dolo),Analgesic / Antipyretic,2026-03-09,51
1814,2,Amoxicillin 500mg,Antibiotic,2026-03-09,27
1815,3,Metformin 500mg,Antidiabetic,2026-03-09,29
1816,4,Cetirizine 10mg,Antihistamine / Allergy,2026-03-09,23
1817,5,Azithromycin 500mg,Antibiotic,2026-03-09,8
1818,6,Atorvastatin 20mg,Cardiovascular,2026-03-09,21
1819,7,Pantoprazole 40mg,Antacid / Gastrointestinal,2026-03-09,27
1820,8,Cough Syrup 100ml (Ascoril),Respiratory / Antitussive,2026-03-09,17
1821,9,Insulin Glargine 100IU/ml,Antidiabetic / Injectable,2026-03-09,6
1822,10,ORS Electrolyte Powder Sachets,Hydration / Gastrointestinal,2026-03-09,28
1823,11,Ibuprofen 400mg,Analgesic / NSAID,2026-03-09,18
1824,12,Amlodipine 5mg,Antihypertensive,2026-03-09,22
1825,1,Paracetamol 650mg (Dolo),Analgesic / Antipyretic,2026-03-10,41
1826,2,Amoxicillin 500mg,Antibiotic,2026-03-10,26
1827,3,Metformin 500mg,Antidiabetic,2026-03-10,40
1828,4,Cetirizine 10mg,Antihistamine / Allergy,2026-03-10,35
1829,5,Azithromycin 500mg,Antibiotic,2026-03-10,12
1830,6,Atorvastatin 20mg,Cardiovascular,2026-03-10,24
1831,7,Pantoprazole 40mg,Antacid / Gastrointestinal,2026-03-10,32
1832,8,Cough Syrup 100ml (Ascoril),Respiratory / Antitussive,2026-03-10,21
1833,9,Insulin Glargine 100IU/ml,Antidiabetic / Injectable,2026-03-10,9
1834,10,ORS Electrolyte Powder Sachets,Hydration / Gastrointestinal,2026-03-10,29
1835,11,Ibuprofen 400mg,Analgesic / NSAID,2026-03-10,17
1836,12,Amlodipine 5mg,Antihypertensive,2026-03-10,27
1837,1,Paracetamol 650mg (Dolo),Analgesic / Antipyretic,2026-03-11,31
1838,2,Amoxicillin 500mg,Antibiotic,2026-03-11,24
1839,3,Metformin 500mg,Antidiabetic,2026-03-11,30
1840,4,Cetirizine 10mg,Antihistamine / Allergy,2026-03-11,27
1841,5,Azithromycin 500mg,Antibiotic,2026-03-11,14
1842,6,Atorvastatin 20mg,Cardiovascular,2026-03-11,16
1843,7,Pantoprazole 40mg,Antacid / Gastrointestinal,2026-03-11,25
1844,8,Cough Syrup 100ml (Ascoril),Respiratory / Antitussive,2026-03-11,21
1845,9,Insulin Glargine 100IU/ml,Antidiabetic / Injectable,2026-03-11,7
1846,10,ORS Electrolyte Powder Sachets,Hydration / Gastrointestinal,2026-03-11,23
1847,11,Ibuprofen 400mg,Analgesic / NSAID,2026-03-11,23
1848,12,Amlodipine 5mg,Antihypertensive,2026-03-11,21
1849,1,Paracetamol 650mg (Dolo),Analgesic / Antipyretic,2026-03-12,46
1850,2,Amoxicillin 500mg,Antibiotic,2026-03-12,26
1851,3,Metformin 500mg,Antidiabetic,2026-03-12,27
1852,4,Cetirizine 10mg,Antihistamine / Allergy,2026-03-12,37
1853,5,Azithromycin 500mg,Antibiotic,2026-03-12,11
1854,6,Atorvastatin 20mg,Cardiovascular,2026-03-12,28
1855,7,Pantoprazole 40mg,Antacid / Gastrointestinal,2026-03-12,33
1856,8,Cough Syrup 100ml (Ascoril),Respiratory / Antitussive,2026-03-12,18
1857,9,Insulin Glargine 100IU/ml,Antidiabetic / Injectable,2026-03-12,9
1858,10,ORS Electrolyte Powder Sachets,Hydration / Gastrointestinal,2026-03-12,27
1859,11,Ibuprofen 400mg,Analgesic / NSAID,2026-03-12,20
1860,12,Amlodipine 5mg,Antihypertensive,2026-03-12,26
1861,1,Paracetamol 650mg (Dolo),Analgesic / Antipyretic,2026-03-13,38
1862,2,Amoxicillin 500mg,Antibiotic,2026-03-13,28
1863,3,Metformin 500mg,Antidiabetic,2026-03-13,34
1864,4,Cetirizine 10mg,Antihistamine / Allergy,2026-03-13,19
1865,5,Azithromycin 500mg,Antibiotic,2026-03-13,17
1866,6,Atorvastatin 20mg,Cardiovascular,2026-03-13,17
1867,7,Pantoprazole 40mg,Antacid / Gastrointestinal,2026-03-13,33
1868,8,Cough Syrup 100ml (Ascoril),Respiratory / Antitussive,2026-03-13,25
1869,9,Insulin Glargine 100IU/ml,Antidiabetic / Injectable,2026-03-13,4
1870,10,ORS Electrolyte Powder Sachets,Hydration / Gastrointestinal,2026-03-13,26
1871,11,Ibuprofen 400mg,Analgesic / NSAID,2026-03-13,15
1872,12,Amlodipine 5mg,Antihypertensive,2026-03-13,24
1873,1,Paracetamol 650mg (Dolo),Analgesic / Antipyretic,2026-03-14,43
1874,2,Amoxicillin 500mg,Antibiotic,2026-03-14,32
1875,3,Metformin 500mg,Antidiabetic,2026-03-14,43
1876,4,Cetirizine 10mg,Antihistamine / Allergy,2026-03-14,41
1877,5,Azithromycin 500mg,Antibiotic,2026-03-14,14
1878,6,Atorvastatin 20mg,Cardiovascular,2026-03-14,27
1879,7,Pantoprazole 40mg,Antacid / Gastrointestinal,2026-03-14,23
1880,8,Cough Syrup 100ml (Ascoril),Respiratory / Antitussive,2026-03-14,20
1881,9,Insulin Glargine 100IU/ml,Antidiabetic / Injectable,2026-03-14,10
1882,10,ORS Electrolyte Powder Sachets,Hydration / Gastrointestinal,2026-03-14,42
1883,11,Ibuprofen 400mg,Analgesic / NSAID,2026-03-14,17
1884,12,Amlodipine 5mg,Antihypertensive,2026-03-14,26
1885,1,Paracetamol 650mg (Dolo),Analgesic / Antipyretic,2026-03-15,33
1886,2,Amoxicillin 500mg,Antibiotic,2026-03-15,21
1887,3,Metformin 500mg,Antidiabetic,2026-03-15,21
1888,4,Cetirizine 10mg,Antihistamine / Allergy,2026-03-15,25
1889,5,Azithromycin 500mg,Antibiotic,2026-03-15,10
1890,6,Atorvastatin 20mg,Cardiovascular,2026-03-15,20
1891,7,Pantoprazole 40mg,Antacid / Gastrointestinal,2026-03-15,26
1892,8,Cough Syrup 100ml (Ascoril),Respiratory / Antitussive,2026-03-15,17
1893,9,Insulin Glargine 100IU/ml,Antidiabetic / Injectable,2026-03-15,8
1894,10,ORS Electrolyte Powder Sachets,Hydration / Gastrointestinal,2026-03-15,23
1895,11,Ibuprofen 400mg,Analgesic / NSAID,2026-03-15,15
1896,12,Amlodipine 5mg,Antihypertensive,2026-03-15,19
1897,1,Paracetamol 650mg (Dolo),Analgesic / Antipyretic,2026-03-16,37
1898,2,Amoxicillin 500mg,Antibiotic,2026-03-16,32
1899,3,Metformin 500mg,Antidiabetic,2026-03-16,33
1900,4,Cetirizine 10mg,Antihistamine / Allergy,2026-03-16,26
1901,5,Azithromycin 500mg,Antibiotic,2026-03-16,15
1902,6,Atorvastatin 20mg,Cardiovascular,2026-03-16,23
1903,7,Pantoprazole 40mg,Antacid / Gastrointestinal,2026-03-16,34
1904,8,Cough Syrup 100ml (Ascoril),Respiratory / Antitussive,2026-03-16,22
1905,9,Insulin Glargine 100IU/ml,Antidiabetic / Injectable,2026-03-16,6
1906,10,ORS Electrolyte Powder Sachets,Hydration / Gastrointestinal,2026-03-16,30
1907,11,Ibuprofen 400mg,Analgesic / NSAID,2026-03-16,13
1908,12,Amlodipine 5mg,Antihypertensive,2026-03-16,20
1909,1,Paracetamol 650mg (Dolo),Analgesic / Antipyretic,2026-03-17,31
1910,2,Amoxicillin 500mg,Antibiotic,2026-03-17,26
1911,3,Metformin 500mg,Antidiabetic,2026-03-17,40
1912,4,Cetirizine 10mg,Antihistamine / Allergy,2026-03-17,39
1913,5,Azithromycin 500mg,Antibiotic,2026-03-17,16
1914,6,Atorvastatin 20mg,Cardiovascular,2026-03-17,26
1915,7,Pantoprazole 40mg,Antacid / Gastrointestinal,2026-03-17,19
1916,8,Cough Syrup 100ml (Ascoril),Respiratory / Antitussive,2026-03-17,18
1917,9,Insulin Glargine 100IU/ml,Antidiabetic / Injectable,2026-03-17,5
1918,10,ORS Electrolyte Powder Sachets,Hydration / Gastrointestinal,2026-03-17,25
1919,11,Ibuprofen 400mg,Analgesic / NSAID,2026-03-17,18
1920,12,Amlodipine 5mg,Antihypertensive,2026-03-17,23
1921,1,Paracetamol 650mg (Dolo),Analgesic / Antipyretic,2026-03-18,25
1922,2,Amoxicillin 500mg,Antibiotic,2026-03-18,28
1923,3,Metformin 500mg,Antidiabetic,2026-03-18,24
1924,4,Cetirizine 10mg,Antihistamine / Allergy,2026-03-18,29
1925,5,Azithromycin 500mg,Antibiotic,2026-03-18,18
1926,6,Atorvastatin 20mg,Cardiovascular,2026-03-18,20
1927,7,Pantoprazole 40mg,Antacid / Gastrointestinal,2026-03-18,15
1928,8,Cough Syrup 100ml (Ascoril),Respiratory / Antitussive,2026-03-18,19
1929,9,Insulin Glargine 100IU/ml,Antidiabetic / Injectable,2026-03-18,9
1930,10,ORS Electrolyte Powder Sachets,Hydration / Gastrointestinal,2026-03-18,38
1931,11,Ibuprofen 400mg,Analgesic / NSAID,2026-03-18,15
1932,12,Amlodipine 5mg,Antihypertensive,2026-03-18,27
1933,1,Paracetamol 650mg (Dolo),Analgesic / Antipyretic,2026-03-19,36
1934,2,Amoxicillin 500mg,Antibiotic,2026-03-19,25
1935,3,Metformin 500mg,Antidiabetic,2026-03-19,45
1936,4,Cetirizine 10mg,Antihistamine / Allergy,2026-03-19,20
1937,5,Azithromycin 500mg,Antibiotic,2026-03-19,14
1938,6,Atorvastatin 20mg,Cardiovascular,2026-03-19,26
1939,7,Pantoprazole 40mg,Antacid / Gastrointestinal,2026-03-19,34
1940,8,Cough Syrup 100ml (Ascoril),Respiratory / Antitussive,2026-03-19,21
1941,9,Insulin Glargine 100IU/ml,Antidiabetic / Injectable,2026-03-19,7
1942,10,ORS Electrolyte Powder Sachets,Hydration / Gastrointestinal,2026-03-19,26
1943,11,Ibuprofen 400mg,Analgesic / NSAID,2026-03-19,20
1944,12,Amlodipine 5mg,Antihypertensive,2026-03-19,23
1945,1,Paracetamol 650mg (Dolo),Analgesic / Antipyretic,2026-03-20,44
1946,2,Amoxicillin 500mg,Antibiotic,2026-03-20,24
1947,3,Metformin 500mg,Antidiabetic,2026-03-20,32
1948,4,Cetirizine 10mg,Antihistamine / Allergy,2026-03-20,28
1949,5,Azithromycin 500mg,Antibiotic,2026-03-20,16
1950,6,Atorvastatin 20mg,Cardiovascular,2026-03-20,40
1951,7,Pantoprazole 40mg,Antacid / Gastrointestinal,2026-03-20,19
1952,8,Cough Syrup 100ml (Ascoril),Respiratory / Antitussive,2026-03-20,25
1953,9,Insulin Glargine 100IU/ml,Antidiabetic / Injectable,2026-03-20,5
1954,10,ORS Electrolyte Powder Sachets,Hydration / Gastrointestinal,2026-03-20,24
1955,11,Ibuprofen 400mg,Analgesic / NSAID,2026-03-20,17
1956,12,Amlodipine 5mg,Antihypertensive,2026-03-20,31
1957,1,Paracetamol 650mg (Dolo),Analgesic / Antipyretic,2026-03-21,28
1958,2,Amoxicillin 500mg,Antibiotic,2026-03-21,77
1959,3,Metformin 500mg,Antidiabetic,2026-03-21,42
1960,4,Cetirizine 10mg,Antihistamine / Allergy,2026-03-21,56
1961,5,Azithromycin 500mg,Antibiotic,2026-03-21,15
1962,6,Atorvastatin 20mg,Cardiovascular,2026-03-21,29
1963,7,Pantoprazole 40mg,Antacid / Gastrointestinal,2026-03-21,59
1964,8,Cough Syrup 100ml (Ascoril),Respiratory / Antitussive,2026-03-21,27
1965,9,Insulin Glargine 100IU/ml,Antidiabetic / Injectable,2026-03-21,9
1966,10,ORS Electrolyte Powder Sachets,Hydration / Gastrointestinal,2026-03-21,33
1967,11,Ibuprofen 400mg,Analgesic / NSAID,2026-03-21,21
1968,12,Amlodipine 5mg,Antihypertensive,2026-03-21,28
1969,1,Paracetamol 650mg (Dolo),Analgesic / Antipyretic,2026-03-22,32
1970,2,Amoxicillin 500mg,Antibiotic,2026-03-22,26
1971,3,Metformin 500mg,Antidiabetic,2026-03-22,28
1972,4,Cetirizine 10mg,Antihistamine / Allergy,2026-03-22,11
1973,5,Azithromycin 500mg,Antibiotic,2026-03-22,13
1974,6,Atorvastatin 20mg,Cardiovascular,2026-03-22,21
1975,7,Pantoprazole 40mg,Antacid / Gastrointestinal,2026-03-22,23
1976,8,Cough Syrup 100ml (Ascoril),Respiratory / Antitussive,2026-03-22,16
1977,9,Insulin Glargine 100IU/ml,Antidiabetic / Injectable,2026-03-22,8
1978,10,ORS Electrolyte Powder Sachets,Hydration / Gastrointestinal,2026-03-22,27
1979,11,Ibuprofen 400mg,Analgesic / NSAID,2026-03-22,13
1980,12,Amlodipine 5mg,Antihypertensive,2026-03-22,22
1981,1,Paracetamol 650mg (Dolo),Analgesic / Antipyretic,2026-03-23,32
1982,2,Amoxicillin 500mg,Antibiotic,2026-03-23,19
1983,3,Metformin 500mg,Antidiabetic,2026-03-23,27
1984,4,Cetirizine 10mg,Antihistamine / Allergy,2026-03-23,32
1985,5,Azithromycin 500mg,Antibiotic,2026-03-23,15
1986,6,Atorvastatin 20mg,Cardiovascular,2026-03-23,26
1987,7,Pantoprazole 40mg,Antacid / Gastrointestinal,2026-03-23,32
1988,8,Cough Syrup 100ml (Ascoril),Respiratory / Antitussive,2026-03-23,37
1989,9,Insulin Glargine 100IU/ml,Antidiabetic / Injectable,2026-03-23,5
1990,10,ORS Electrolyte Powder Sachets,Hydration / Gastrointestinal,2026-03-23,30
1991,11,Ibuprofen 400mg,Analgesic / NSAID,2026-03-23,22
1992,12,Amlodipine 5mg,Antihypertensive,2026-03-23,28
1993,1,Paracetamol 650mg (Dolo),Analgesic / Antipyretic,2026-03-24,48
1994,2,Amoxicillin 500mg,Antibiotic,2026-03-24,29
1995,3,Metformin 500mg,Antidiabetic,2026-03-24,32
1996,4,Cetirizine 10mg,Antihistamine / Allergy,2026-03-24,33
1997,5,Azithromycin 500mg,Antibiotic,2026-03-24,13
1998,6,Atorvastatin 20mg,Cardiovascular,2026-03-24,20
1999,7,Pantoprazole 40mg,Antacid / Gastrointestinal,2026-03-24,27
2000,8,Cough Syrup 100ml (Ascoril),Respiratory / Antitussive,2026-03-24,18
2001,9,Insulin Glargine 100IU/ml,Antidiabetic / Injectable,2026-03-24,5
2002,10,ORS Electrolyte Powder Sachets,Hydration / Gastrointestinal,2026-03-24,27
2003,11,Ibuprofen 400mg,Analgesic / NSAID,2026-03-24,16
2004,12,Amlodipine 5mg,Antihypertensive,2026-03-24,24
2005,1,Paracetamol 650mg (Dolo),Analgesic / Antipyretic,2026-03-25,26
2006,2,Amoxicillin 500mg,Antibiotic,2026-03-25,27
2007,3,Metformin 500mg,Antidiabetic,2026-03-25,30
2008,4,Cetirizine 10mg,Antihistamine / Allergy,2026-03-25,24
2009,5,Azithromycin 500mg,Antibiotic,2026-03-25,16
2010,6,Atorvastatin 20mg,Cardiovascular,2026-03-25,28
2011,7,Pantoprazole 40mg,Antacid / Gastrointestinal,2026-03-25,20
2012,8,Cough Syrup 100ml (Ascoril),Respiratory / Antitussive,2026-03-25,18
2013,9,Insulin Glargine 100IU/ml,Antidiabetic / Injectable,2026-03-25,5
2014,10,ORS Electrolyte Powder Sachets,Hydration / Gastrointestinal,2026-03-25,23
2015,11,Ibuprofen 400mg,Analgesic / NSAID,2026-03-25,22
2016,12,Amlodipine 5mg,Antihypertensive,2026-03-25,24
2017,1,Paracetamol 650mg (Dolo),Analgesic / Antipyretic,2026-03-26,37
2018,2,Amoxicillin 500mg,Antibiotic,2026-03-26,17
2019,3,Metformin 500mg,Antidiabetic,2026-03-26,34
2020,4,Cetirizine 10mg,Antihistamine / Allergy,2026-03-26,22
2021,5,Azithromycin 500mg,Antibiotic,2026-03-26,13
2022,6,Atorvastatin 20mg,Cardiovascular,2026-03-26,25
2023,7,Pantoprazole 40mg,Antacid / Gastrointestinal,2026-03-26,35
2024,8,Cough Syrup 100ml (Ascoril),Respiratory / Antitussive,2026-03-26,16
2025,9,Insulin Glargine 100IU/ml,Antidiabetic / Injectable,2026-03-26,1
2026,10,ORS Electrolyte Powder Sachets,Hydration / Gastrointestinal,2026-03-26,29
2027,11,Ibuprofen 400mg,Analgesic / NSAID,2026-03-26,25
2028,12,Amlodipine 5mg,Antihypertensive,2026-03-26,31
2029,1,Paracetamol 650mg (Dolo),Analgesic / Antipyretic,2026-03-27,41
2030,2,Amoxicillin 500mg,Antibiotic,2026-03-27,24
2031,3,Metformin 500mg,Antidiabetic,2026-03-27,40
2032,4,Cetirizine 10mg,Antihistamine / Allergy,2026-03-27,23
2033,5,Azithromycin 500mg,Antibiotic,2026-03-27,14
2034,6,Atorvastatin 20mg,Cardiovascular,2026-03-27,30
2035,7,Pantoprazole 40mg,Antacid / Gastrointestinal,2026-03-27,34
2036,8,Cough Syrup 100ml (Ascoril),Respiratory / Antitussive,2026-03-27,31
2037,9,Insulin Glargine 100IU/ml,Antidiabetic / Injectable,2026-03-27,8
2038,10,ORS Electrolyte Powder Sachets,Hydration / Gastrointestinal,2026-03-27,25
2039,11,Ibuprofen 400mg,Analgesic / NSAID,2026-03-27,22
2040,12,Amlodipine 5mg,Antihypertensive,2026-03-27,19
2041,1,Paracetamol 650mg (Dolo),Analgesic / Antipyretic,2026-03-28,40
2042,2,Amoxicillin 500mg,Antibiotic,2026-03-28,28
2043,3,Metformin 500mg,Antidiabetic,2026-03-28,36
2044,4,Cetirizine 10mg,Antihistamine / Allergy,2026-03-28,33
2045,5,Azithromycin 500mg,Antibiotic,2026-03-28,13
2046,6,Atorvastatin 20mg,Cardiovascular,2026-03-28,39
2047,7,Pantoprazole 40mg,Antacid / Gastrointestinal,2026-03-28,33
2048,8,Cough Syrup 100ml (Ascoril),Respiratory / Antitussive,2026-03-28,24
2049,9,Insulin Glargine 100IU/ml,Antidiabetic / Injectable,2026-03-28,8
2050,10,ORS Electrolyte Powder Sachets,Hydration / Gastrointestinal,2026-03-28,33
2051,11,Ibuprofen 400mg,Analgesic / NSAID,2026-03-28,48
2052,12,Amlodipine 5mg,Antihypertensive,2026-03-28,28
2053,1,Paracetamol 650mg (Dolo),Analgesic / Antipyretic,2026-03-29,29
2054,2,Amoxicillin 500mg,Antibiotic,2026-03-29,21
2055,3,Metformin 500mg,Antidiabetic,2026-03-29,22
2056,4,Cetirizine 10mg,Antihistamine / Allergy,2026-03-29,20
2057,5,Azithromycin 500mg,Antibiotic,2026-03-29,10
2058,6,Atorvastatin 20mg,Cardiovascular,2026-03-29,27
2059,7,Pantoprazole 40mg,Antacid / Gastrointestinal,2026-03-29,24
2060,8,Cough Syrup 100ml (Ascoril),Respiratory / Antitussive,2026-03-29,18
2061,9,Insulin Glargine 100IU/ml,Antidiabetic / Injectable,2026-03-29,8
2062,10,ORS Electrolyte Powder Sachets,Hydration / Gastrointestinal,2026-03-29,22
2063,11,Ibuprofen 400mg,Analgesic / NSAID,2026-03-29,19
2064,12,Amlodipine 5mg,Antihypertensive,2026-03-29,23
2065,1,Paracetamol 650mg (Dolo),Analgesic / Antipyretic,2026-03-30,41
2066,2,Amoxicillin 500mg,Antibiotic,2026-03-30,24
2067,3,Metformin 500mg,Antidiabetic,2026-03-30,19
2068,4,Cetirizine 10mg,Antihistamine / Allergy,2026-03-30,27
2069,5,Azithromycin 500mg,Antibiotic,2026-03-30,18
2070,6,Atorvastatin 20mg,Cardiovascular,2026-03-30,32
2071,7,Pantoprazole 40mg,Antacid / Gastrointestinal,2026-03-30,33
2072,8,Cough Syrup 100ml (Ascoril),Respiratory / Antitussive,2026-03-30,25
2073,9,Insulin Glargine 100IU/ml,Antidiabetic / Injectable,2026-03-30,8
2074,10,ORS Electrolyte Powder Sachets,Hydration / Gastrointestinal,2026-03-30,29
2075,11,Ibuprofen 400mg,Analgesic / NSAID,2026-03-30,19
2076,12,Amlodipine 5mg,Antihypertensive,2026-03-30,27
2077,1,Paracetamol 650mg (Dolo),Analgesic / Antipyretic,2026-03-31,44
2078,2,Amoxicillin 500mg,Antibiotic,2026-03-31,33
2079,3,Metformin 500mg,Antidiabetic,2026-03-31,34
2080,4,Cetirizine 10mg,Antihistamine / Allergy,2026-03-31,26
2081,5,Azithromycin 500mg,Antibiotic,2026-03-31,13
2082,6,Atorvastatin 20mg,Cardiovascular,2026-03-31,31
2083,7,Pantoprazole 40mg,Antacid / Gastrointestinal,2026-03-31,21
2084,8,Cough Syrup 100ml (Ascoril),Respiratory / Antitussive,2026-03-31,12
2085,9,Insulin Glargine 100IU/ml,Antidiabetic / Injectable,2026-03-31,7
2086,10,ORS Electrolyte Powder Sachets,Hydration / Gastrointestinal,2026-03-31,22
2087,11,Ibuprofen 400mg,Analgesic / NSAID,2026-03-31,20
2088,12,Amlodipine 5mg,Antihypertensive,2026-03-31,28
2089,1,Paracetamol 650mg (Dolo),Analgesic / Antipyretic,2026-04-01,35
2090,2,Amoxicillin 500mg,Antibiotic,2026-04-01,34
2091,3,Metformin 500mg,Antidiabetic,2026-04-01,37
2092,4,Cetirizine 10mg,Antihistamine / Allergy,2026-04-01,23
2093,5,Azithromycin 500mg,Antibiotic,2026-04-01,15
2094,6,Atorvastatin 20mg,Cardiovascular,2026-04-01,22
2095,7,Pantoprazole 40mg,Antacid / Gastrointestinal,2026-04-01,33
2096,8,Cough Syrup 100ml (Ascoril),Respiratory / Antitussive,2026-04-01,20
2097,9,Insulin Glargine 100IU/ml,Antidiabetic / Injectable,2026-04-01,9
2098,10,ORS Electrolyte Powder Sachets,Hydration / Gastrointestinal,2026-04-01,34
2099,11,Ibuprofen 400mg,Analgesic / NSAID,2026-04-01,16
2100,12,Amlodipine 5mg,Antihypertensive,2026-04-01,33
2101,1,Paracetamol 650mg (Dolo),Analgesic / Antipyretic,2026-04-02,41
2102,2,Amoxicillin 500mg,Antibiotic,2026-04-02,22
2103,3,Metformin 500mg,Antidiabetic,2026-04-02,29
2104,4,Cetirizine 10mg,Antihistamine / Allergy,2026-04-02,27
2105,5,Azithromycin 500mg,Antibiotic,2026-04-02,10
2106,6,Atorvastatin 20mg,Cardiovascular,2026-04-02,36
2107,7,Pantoprazole 40mg,Antacid / Gastrointestinal,2026-04-02,23
2108,8,Cough Syrup 100ml (Ascoril),Respiratory / Antitussive,2026-04-02,22
2109,9,Insulin Glargine 100IU/ml,Antidiabetic / Injectable,2026-04-02,7
2110,10,ORS Electrolyte Powder Sachets,Hydration / Gastrointestinal,2026-04-02,47
2111,11,Ibuprofen 400mg,Analgesic / NSAID,2026-04-02,20
2112,12,Amlodipine 5mg,Antihypertensive,2026-04-02,28
2113,1,Paracetamol 650mg (Dolo),Analgesic / Antipyretic,2026-04-03,39
2114,2,Amoxicillin 500mg,Antibiotic,2026-04-03,22
2115,3,Metformin 500mg,Antidiabetic,2026-04-03,39
2116,4,Cetirizine 10mg,Antihistamine / Allergy,2026-04-03,20
2117,5,Azithromycin 500mg,Antibiotic,2026-04-03,13
2118,6,Atorvastatin 20mg,Cardiovascular,2026-04-03,23
2119,7,Pantoprazole 40mg,Antacid / Gastrointestinal,2026-04-03,15
2120,8,Cough Syrup 100ml (Ascoril),Respiratory / Antitussive,2026-04-03,19
2121,9,Insulin Glargine 100IU/ml,Antidiabetic / Injectable,2026-04-03,13
2122,10,ORS Electrolyte Powder Sachets,Hydration / Gastrointestinal,2026-04-03,48
2123,11,Ibuprofen 400mg,Analgesic / NSAID,2026-04-03,22
2124,12,Amlodipine 5mg,Antihypertensive,2026-04-03,27
2125,1,Paracetamol 650mg (Dolo),Analgesic / Antipyretic,2026-04-04,45
2126,2,Amoxicillin 500mg,Antibiotic,2026-04-04,35
2127,3,Metformin 500mg,Antidiabetic,2026-04-04,32
2128,4,Cetirizine 10mg,Antihistamine / Allergy,2026-04-04,31
2129,5,Azithromycin 500mg,Antibiotic,2026-04-04,17
2130,6,Atorvastatin 20mg,Cardiovascular,2026-04-04,36
2131,7,Pantoprazole 40mg,Antacid / Gastrointestinal,2026-04-04,35
2132,8,Cough Syrup 100ml (Ascoril),Respiratory / Antitussive,2026-04-04,23
2133,9,Insulin Glargine 100IU/ml,Antidiabetic / Injectable,2026-04-04,10
2134,10,ORS Electrolyte Powder Sachets,Hydration / Gastrointestinal,2026-04-04,54
2135,11,Ibuprofen 400mg,Analgesic / NSAID,2026-04-04,24
2136,12,Amlodipine 5mg,Antihypertensive,2026-04-04,30
2137,1,Paracetamol 650mg (Dolo),Analgesic / Antipyretic,2026-04-05,32
2138,2,Amoxicillin 500mg,Antibiotic,2026-04-05,29
2139,3,Metformin 500mg,Antidiabetic,2026-04-05,22
2140,4,Cetirizine 10mg,Antihistamine / Allergy,2026-04-05,13
2141,5,Azithromycin 500mg,Antibiotic,2026-04-05,11
2142,6,Atorvastatin 20mg,Cardiovascular,2026-04-05,23
2143,7,Pantoprazole 40mg,Antacid / Gastrointestinal,2026-04-05,24
2144,8,Cough Syrup 100ml (Ascoril),Respiratory / Antitussive,2026-04-05,17
2145,9,Insulin Glargine 100IU/ml,Antidiabetic / Injectable,2026-04-05,6
2146,10,ORS Electrolyte Powder Sachets,Hydration / Gastrointestinal,2026-04-05,44
2147,11,Ibuprofen 400mg,Analgesic / NSAID,2026-04-05,13
2148,12,Amlodipine 5mg,Antihypertensive,2026-04-05,20
2149,1,Paracetamol 650mg (Dolo),Analgesic / Antipyretic,2026-04-06,38
2150,2,Amoxicillin 500mg,Antibiotic,2026-04-06,19
2151,3,Metformin 500mg,Antidiabetic,2026-04-06,29
2152,4,Cetirizine 10mg,Antihistamine / Allergy,2026-04-06,48
2153,5,Azithromycin 500mg,Antibiotic,2026-04-06,13
2154,6,Atorvastatin 20mg,Cardiovascular,2026-04-06,25
2155,7,Pantoprazole 40mg,Antacid / Gastrointestinal,2026-04-06,22
2156,8,Cough Syrup 100ml (Ascoril),Respiratory / Antitussive,2026-04-06,18
2157,9,Insulin Glargine 100IU/ml,Antidiabetic / Injectable,2026-04-06,6
2158,10,ORS Electrolyte Powder Sachets,Hydration / Gastrointestinal,2026-04-06,39
2159,11,Ibuprofen 400mg,Analgesic / NSAID,2026-04-06,23
2160,12,Amlodipine 5mg,Antihypertensive,2026-04-06,28
2161,1,Paracetamol 650mg (Dolo),Analgesic / Antipyretic,2026-04-07,31
2162,2,Amoxicillin 500mg,Antibiotic,2026-04-07,29
2163,3,Metformin 500mg,Antidiabetic,2026-04-07,33
2164,4,Cetirizine 10mg,Antihistamine / Allergy,2026-04-07,27
2165,5,Azithromycin 500mg,Antibiotic,2026-04-07,17
2166,6,Atorvastatin 20mg,Cardiovascular,2026-04-07,20
2167,7,Pantoprazole 40mg,Antacid / Gastrointestinal,2026-04-07,24
2168,8,Cough Syrup 100ml (Ascoril),Respiratory / Antitussive,2026-04-07,15
2169,9,Insulin Glargine 100IU/ml,Antidiabetic / Injectable,2026-04-07,6
2170,10,ORS Electrolyte Powder Sachets,Hydration / Gastrointestinal,2026-04-07,45
2171,11,Ibuprofen 400mg,Analgesic / NSAID,2026-04-07,22
2172,12,Amlodipine 5mg,Antihypertensive,2026-04-07,25
2173,1,Paracetamol 650mg (Dolo),Analgesic / Antipyretic,2026-04-08,36
2174,2,Amoxicillin 500mg,Antibiotic,2026-04-08,28
2175,3,Metformin 500mg,Antidiabetic,2026-04-08,26
2176,4,Cetirizine 10mg,Antihistamine / Allergy,2026-04-08,31
2177,5,Azithromycin 500mg,Antibiotic,2026-04-08,9
2178,6,Atorvastatin 20mg,Cardiovascular,2026-04-08,25
2179,7,Pantoprazole 40mg,Antacid / Gastrointestinal,2026-04-08,38
2180,8,Cough Syrup 100ml (Ascoril),Respiratory / Antitussive,2026-04-08,20
2181,9,Insulin Glargine 100IU/ml,Antidiabetic / Injectable,2026-04-08,6
2182,10,ORS Electrolyte Powder Sachets,Hydration / Gastrointestinal,2026-04-08,39
2183,11,Ibuprofen 400mg,Analgesic / NSAID,2026-04-08,18
2184,12,Amlodipine 5mg,Antihypertensive,2026-04-08,31
2185,1,Paracetamol 650mg (Dolo),Analgesic / Antipyretic,2026-04-09,23
2186,2,Amoxicillin 500mg,Antibiotic,2026-04-09,35
2187,3,Metformin 500mg,Antidiabetic,2026-04-09,22
2188,4,Cetirizine 10mg,Antihistamine / Allergy,2026-04-09,21
2189,5,Azithromycin 500mg,Antibiotic,2026-04-09,12
2190,6,Atorvastatin 20mg,Cardiovascular,2026-04-09,27
2191,7,Pantoprazole 40mg,Antacid / Gastrointestinal,2026-04-09,20
2192,8,Cough Syrup 100ml (Ascoril),Respiratory / Antitussive,2026-04-09,22
2193,9,Insulin Glargine 100IU/ml,Antidiabetic / Injectable,2026-04-09,11
2194,10,ORS Electrolyte Powder Sachets,Hydration / Gastrointestinal,2026-04-09,31
2195,11,Ibuprofen 400mg,Analgesic / NSAID,2026-04-09,20
2196,12,Amlodipine 5mg,Antihypertensive,2026-04-09,22
2197,1,Paracetamol 650mg (Dolo),Analgesic / Antipyretic,2026-04-10,41
2198,2,Amoxicillin 500mg,Antibiotic,2026-04-10,28
2199,3,Metformin 500mg,Antidiabetic,2026-04-10,27
2200,4,Cetirizine 10mg,Antihistamine / Allergy,2026-04-10,24
2201,5,Azithromycin 500mg,Antibiotic,2026-04-10,19
2202,6,Atorvastatin 20mg,Cardiovascular,2026-04-10,23
2203,7,Pantoprazole 40mg,Antacid / Gastrointestinal,2026-04-10,32
2204,8,Cough Syrup 100ml (Ascoril),Respiratory / Antitussive,2026-04-10,15
2205,9,Insulin Glargine 100IU/ml,Antidiabetic / Injectable,2026-04-10,5
2206,10,ORS Electrolyte Powder Sachets,Hydration / Gastrointestinal,2026-04-10,46
2207,11,Ibuprofen 400mg,Analgesic / NSAID,2026-04-10,24
2208,12,Amlodipine 5mg,Antihypertensive,2026-04-10,27
2209,1,Paracetamol 650mg (Dolo),Analgesic / Antipyretic,2026-04-11,42
2210,2,Amoxicillin 500mg,Antibiotic,2026-04-11,32
2211,3,Metformin 500mg,Antidiabetic,2026-04-11,27
2212,4,Cetirizine 10mg,Antihistamine / Allergy,2026-04-11,29
2213,5,Azithromycin 500mg,Antibiotic,2026-04-11,18
2214,6,Atorvastatin 20mg,Cardiovascular,2026-04-11,26
2215,7,Pantoprazole 40mg,Antacid / Gastrointestinal,2026-04-11,30
2216,8,Cough Syrup 100ml (Ascoril),Respiratory / Antitussive,2026-04-11,24
2217,9,Insulin Glargine 100IU/ml,Antidiabetic / Injectable,2026-04-11,7
2218,10,ORS Electrolyte Powder Sachets,Hydration / Gastrointestinal,2026-04-11,48
2219,11,Ibuprofen 400mg,Analgesic / NSAID,2026-04-11,30
2220,12,Amlodipine 5mg,Antihypertensive,2026-04-11,28
2221,1,Paracetamol 650mg (Dolo),Analgesic / Antipyretic,2026-04-12,30
2222,2,Amoxicillin 500mg,Antibiotic,2026-04-12,20
2223,3,Metformin 500mg,Antidiabetic,2026-04-12,28
2224,4,Cetirizine 10mg,Antihistamine / Allergy,2026-04-12,18
2225,5,Azithromycin 500mg,Antibiotic,2026-04-12,10
2226,6,Atorvastatin 20mg,Cardiovascular,2026-04-12,25
2227,7,Pantoprazole 40mg,Antacid / Gastrointestinal,2026-04-12,29
2228,8,Cough Syrup 100ml (Ascoril),Respiratory / Antitussive,2026-04-12,15
2229,9,Insulin Glargine 100IU/ml,Antidiabetic / Injectable,2026-04-12,2
2230,10,ORS Electrolyte Powder Sachets,Hydration / Gastrointestinal,2026-04-12,41
2231,11,Ibuprofen 400mg,Analgesic / NSAID,2026-04-12,14
2232,12,Amlodipine 5mg,Antihypertensive,2026-04-12,24
2233,1,Paracetamol 650mg (Dolo),Analgesic / Antipyretic,2026-04-13,25
2234,2,Amoxicillin 500mg,Antibiotic,2026-04-13,32
2235,3,Metformin 500mg,Antidiabetic,2026-04-13,23
2236,4,Cetirizine 10mg,Antihistamine / Allergy,2026-04-13,25
2237,5,Azithromycin 500mg,Antibiotic,2026-04-13,13
2238,6,Atorvastatin 20mg,Cardiovascular,2026-04-13,20
2239,7,Pantoprazole 40mg,Antacid / Gastrointestinal,2026-04-13,26
2240,8,Cough Syrup 100ml (Ascoril),Respiratory / Antitussive,2026-04-13,37
2241,9,Insulin Glargine 100IU/ml,Antidiabetic / Injectable,2026-04-13,7
2242,10,ORS Electrolyte Powder Sachets,Hydration / Gastrointestinal,2026-04-13,46
2243,11,Ibuprofen 400mg,Analgesic / NSAID,2026-04-13,26
2244,12,Amlodipine 5mg,Antihypertensive,2026-04-13,18
2245,1,Paracetamol 650mg (Dolo),Analgesic / Antipyretic,2026-04-14,50
2246,2,Amoxicillin 500mg,Antibiotic,2026-04-14,28
2247,3,Metformin 500mg,Antidiabetic,2026-04-14,25
2248,4,Cetirizine 10mg,Antihistamine / Allergy,2026-04-14,17
2249,5,Azithromycin 500mg,Antibiotic,2026-04-14,13
2250,6,Atorvastatin 20mg,Cardiovascular,2026-04-14,28
2251,7,Pantoprazole 40mg,Antacid / Gastrointestinal,2026-04-14,27
2252,8,Cough Syrup 100ml (Ascoril),Respiratory / Antitussive,2026-04-14,25
2253,9,Insulin Glargine 100IU/ml,Antidiabetic / Injectable,2026-04-14,4
2254,10,ORS Electrolyte Powder Sachets,Hydration / Gastrointestinal,2026-04-14,42
2255,11,Ibuprofen 400mg,Analgesic / NSAID,2026-04-14,15
2256,12,Amlodipine 5mg,Antihypertensive,2026-04-14,27
2257,1,Paracetamol 650mg (Dolo),Analgesic / Antipyretic,2026-04-15,44
2258,2,Amoxicillin 500mg,Antibiotic,2026-04-15,25
2259,3,Metformin 500mg,Antidiabetic,2026-04-15,16
2260,4,Cetirizine 10mg,Antihistamine / Allergy,2026-04-15,23
2261,5,Azithromycin 500mg,Antibiotic,2026-04-15,14
2262,6,Atorvastatin 20mg,Cardiovascular,2026-04-15,26
2263,7,Pantoprazole 40mg,Antacid / Gastrointestinal,2026-04-15,34
2264,8,Cough Syrup 100ml (Ascoril),Respiratory / Antitussive,2026-04-15,16
2265,9,Insulin Glargine 100IU/ml,Antidiabetic / Injectable,2026-04-15,8
2266,10,ORS Electrolyte Powder Sachets,Hydration / Gastrointestinal,2026-04-15,51
2267,11,Ibuprofen 400mg,Analgesic / NSAID,2026-04-15,13
2268,12,Amlodipine 5mg,Antihypertensive,2026-04-15,26
2269,1,Paracetamol 650mg (Dolo),Analgesic / Antipyretic,2026-04-16,35
2270,2,Amoxicillin 500mg,Antibiotic,2026-04-16,27
2271,3,Metformin 500mg,Antidiabetic,2026-04-16,32
2272,4,Cetirizine 10mg,Antihistamine / Allergy,2026-04-16,20
2273,5,Azithromycin 500mg,Antibiotic,2026-04-16,12
2274,6,Atorvastatin 20mg,Cardiovascular,2026-04-16,24
2275,7,Pantoprazole 40mg,Antacid / Gastrointestinal,2026-04-16,22
2276,8,Cough Syrup 100ml (Ascoril),Respiratory / Antitussive,2026-04-16,16
2277,9,Insulin Glargine 100IU/ml,Antidiabetic / Injectable,2026-04-16,8
2278,10,ORS Electrolyte Powder Sachets,Hydration / Gastrointestinal,2026-04-16,33
2279,11,Ibuprofen 400mg,Analgesic / NSAID,2026-04-16,21
2280,12,Amlodipine 5mg,Antihypertensive,2026-04-16,27
2281,1,Paracetamol 650mg (Dolo),Analgesic / Antipyretic,2026-04-17,26
2282,2,Amoxicillin 500mg,Antibiotic,2026-04-17,24
2283,3,Metformin 500mg,Antidiabetic,2026-04-17,37
2284,4,Cetirizine 10mg,Antihistamine / Allergy,2026-04-17,18
2285,5,Azithromycin 500mg,Antibiotic,2026-04-17,12
2286,6,Atorvastatin 20mg,Cardiovascular,2026-04-17,26
2287,7,Pantoprazole 40mg,Antacid / Gastrointestinal,2026-04-17,32
2288,8,Cough Syrup 100ml (Ascoril),Respiratory / Antitussive,2026-04-17,19
2289,9,Insulin Glargine 100IU/ml,Antidiabetic / Injectable,2026-04-17,5
2290,10,ORS Electrolyte Powder Sachets,Hydration / Gastrointestinal,2026-04-17,53
2291,11,Ibuprofen 400mg,Analgesic / NSAID,2026-04-17,25
2292,12,Amlodipine 5mg,Antihypertensive,2026-04-17,29
2293,1,Paracetamol 650mg (Dolo),Analgesic / Antipyretic,2026-04-18,45
2294,2,Amoxicillin 500mg,Antibiotic,2026-04-18,27
2295,3,Metformin 500mg,Antidiabetic,2026-04-18,30
2296,4,Cetirizine 10mg,Antihistamine / Allergy,2026-04-18,28
2297,5,Azithromycin 500mg,Antibiotic,2026-04-18,18
2298,6,Atorvastatin 20mg,Cardiovascular,2026-04-18,35
2299,7,Pantoprazole 40mg,Antacid / Gastrointestinal,2026-04-18,36
2300,8,Cough Syrup 100ml (Ascoril),Respiratory / Antitussive,2026-04-18,17
2301,9,Insulin Glargine 100IU/ml,Antidiabetic / Injectable,2026-04-18,10
2302,10,ORS Electrolyte Powder Sachets,Hydration / Gastrointestinal,2026-04-18,40
2303,11,Ibuprofen 400mg,Analgesic / NSAID,2026-04-18,20
2304,12,Amlodipine 5mg,Antihypertensive,2026-04-18,30
2305,1,Paracetamol 650mg (Dolo),Analgesic / Antipyretic,2026-04-19,43
2306,2,Amoxicillin 500mg,Antibiotic,2026-04-19,36
2307,3,Metformin 500mg,Antidiabetic,2026-04-19,28
2308,4,Cetirizine 10mg,Antihistamine / Allergy,2026-04-19,18
2309,5,Azithromycin 500mg,Antibiotic,2026-04-19,13
2310,6,Atorvastatin 20mg,Cardiovascular,2026-04-19,23
2311,7,Pantoprazole 40mg,Antacid / Gastrointestinal,2026-04-19,22
2312,8,Cough Syrup 100ml (Ascoril),Respiratory / Antitussive,2026-04-19,22
2313,9,Insulin Glargine 100IU/ml,Antidiabetic / Injectable,2026-04-19,6
2314,10,ORS Electrolyte Powder Sachets,Hydration / Gastrointestinal,2026-04-19,38
2315,11,Ibuprofen 400mg,Analgesic / NSAID,2026-04-19,18
2316,12,Amlodipine 5mg,Antihypertensive,2026-04-19,22
2317,1,Paracetamol 650mg (Dolo),Analgesic / Antipyretic,2026-04-20,44
2318,2,Amoxicillin 500mg,Antibiotic,2026-04-20,24
2319,3,Metformin 500mg,Antidiabetic,2026-04-20,27
2320,4,Cetirizine 10mg,Antihistamine / Allergy,2026-04-20,18
2321,5,Azithromycin 500mg,Antibiotic,2026-04-20,14
2322,6,Atorvastatin 20mg,Cardiovascular,2026-04-20,27
2323,7,Pantoprazole 40mg,Antacid / Gastrointestinal,2026-04-20,51
2324,8,Cough Syrup 100ml (Ascoril),Respiratory / Antitussive,2026-04-20,26
2325,9,Insulin Glargine 100IU/ml,Antidiabetic / Injectable,2026-04-20,7
2326,10,ORS Electrolyte Powder Sachets,Hydration / Gastrointestinal,2026-04-20,47
2327,11,Ibuprofen 400mg,Analgesic / NSAID,2026-04-20,15
2328,12,Amlodipine 5mg,Antihypertensive,2026-04-20,23
2329,1,Paracetamol 650mg (Dolo),Analgesic / Antipyretic,2026-04-21,43
2330,2,Amoxicillin 500mg,Antibiotic,2026-04-21,32
2331,3,Metformin 500mg,Antidiabetic,2026-04-21,28
2332,4,Cetirizine 10mg,Antihistamine / Allergy,2026-04-21,22
2333,5,Azithromycin 500mg,Antibiotic,2026-04-21,9
2334,6,Atorvastatin 20mg,Cardiovascular,2026-04-21,22
2335,7,Pantoprazole 40mg,Antacid / Gastrointestinal,2026-04-21,33
2336,8,Cough Syrup 100ml (Ascoril),Respiratory / Antitussive,2026-04-21,22
2337,9,Insulin Glargine 100IU/ml,Antidiabetic / Injectable,2026-04-21,8
2338,10,ORS Electrolyte Powder Sachets,Hydration / Gastrointestinal,2026-04-21,42
2339,11,Ibuprofen 400mg,Analgesic / NSAID,2026-04-21,19
2340,12,Amlodipine 5mg,Antihypertensive,2026-04-21,22
2341,1,Paracetamol 650mg (Dolo),Analgesic / Antipyretic,2026-04-22,43
2342,2,Amoxicillin 500mg,Antibiotic,2026-04-22,30
2343,3,Metformin 500mg,Antidiabetic,2026-04-22,33
2344,4,Cetirizine 10mg,Antihistamine / Allergy,2026-04-22,20
2345,5,Azithromycin 500mg,Antibiotic,2026-04-22,8
2346,6,Atorvastatin 20mg,Cardiovascular,2026-04-22,29
2347,7,Pantoprazole 40mg,Antacid / Gastrointestinal,2026-04-22,26
2348,8,Cough Syrup 100ml (Ascoril),Respiratory / Antitussive,2026-04-22,28
2349,9,Insulin Glargine 100IU/ml,Antidiabetic / Injectable,2026-04-22,8
2350,10,ORS Electrolyte Powder Sachets,Hydration / Gastrointestinal,2026-04-22,39
2351,11,Ibuprofen 400mg,Analgesic / NSAID,2026-04-22,23
2352,12,Amlodipine 5mg,Antihypertensive,2026-04-22,28
2353,1,Paracetamol 650mg (Dolo),Analgesic / Antipyretic,2026-04-23,43
2354,2,Amoxicillin 500mg,Antibiotic,2026-04-23,21
2355,3,Metformin 500mg,Antidiabetic,2026-04-23,37
2356,4,Cetirizine 10mg,Antihistamine / Allergy,2026-04-23,23
2357,5,Azithromycin 500mg,Antibiotic,2026-04-23,13
2358,6,Atorvastatin 20mg,Cardiovascular,2026-04-23,25
2359,7,Pantoprazole 40mg,Antacid / Gastrointestinal,2026-04-23,19
2360,8,Cough Syrup 100ml (Ascoril),Respiratory / Antitussive,2026-04-23,21
2361,9,Insulin Glargine 100IU/ml,Antidiabetic / Injectable,2026-04-23,5
2362,10,ORS Electrolyte Powder Sachets,Hydration / Gastrointestinal,2026-04-23,32
2363,11,Ibuprofen 400mg,Analgesic / NSAID,2026-04-23,14
2364,12,Amlodipine 5mg,Antihypertensive,2026-04-23,30
2365,1,Paracetamol 650mg (Dolo),Analgesic / Antipyretic,2026-04-24,34
2366,2,Amoxicillin 500mg,Antibiotic,2026-04-24,35
2367,3,Metformin 500mg,Antidiabetic,2026-04-24,45
2368,4,Cetirizine 10mg,Antihistamine / Allergy,2026-04-24,15
2369,5,Azithromycin 500mg,Antibiotic,2026-04-24,10
2370,6,Atorvastatin 20mg,Cardiovascular,2026-04-24,29
2371,7,Pantoprazole 40mg,Antacid / Gastrointestinal,2026-04-24,45
2372,8,Cough Syrup 100ml (Ascoril),Respiratory / Antitussive,2026-04-24,18
2373,9,Insulin Glargine 100IU/ml,Antidiabetic / Injectable,2026-04-24,7
2374,10,ORS Electrolyte Powder Sachets,Hydration / Gastrointestinal,2026-04-24,46
2375,11,Ibuprofen 400mg,Analgesic / NSAID,2026-04-24,23
2376,12,Amlodipine 5mg,Antihypertensive,2026-04-24,32
2377,1,Paracetamol 650mg (Dolo),Analgesic / Antipyretic,2026-04-25,41
2378,2,Amoxicillin 500mg,Antibiotic,2026-04-25,24
2379,3,Metformin 500mg,Antidiabetic,2026-04-25,32
2380,4,Cetirizine 10mg,Antihistamine / Allergy,2026-04-25,27
2381,5,Azithromycin 500mg,Antibiotic,2026-04-25,12
2382,6,Atorvastatin 20mg,Cardiovascular,2026-04-25,23
2383,7,Pantoprazole 40mg,Antacid / Gastrointestinal,2026-04-25,35
2384,8,Cough Syrup 100ml (Ascoril),Respiratory / Antitussive,2026-04-25,23
2385,9,Insulin Glargine 100IU/ml,Antidiabetic / Injectable,2026-04-25,8
2386,10,ORS Electrolyte Powder Sachets,Hydration / Gastrointestinal,2026-04-25,42
2387,11,Ibuprofen 400mg,Analgesic / NSAID,2026-04-25,21
2388,12,Amlodipine 5mg,Antihypertensive,2026-04-25,24
2389,1,Paracetamol 650mg (Dolo),Analgesic / Antipyretic,2026-04-26,61
2390,2,Amoxicillin 500mg,Antibiotic,2026-04-26,27
2391,3,Metformin 500mg,Antidiabetic,2026-04-26,17
2392,4,Cetirizine 10mg,Antihistamine / Allergy,2026-04-26,15
2393,5,Azithromycin 500mg,Antibiotic,2026-04-26,8
2394,6,Atorvastatin 20mg,Cardiovascular,2026-04-26,18
2395,7,Pantoprazole 40mg,Antacid / Gastrointestinal,2026-04-26,23
2396,8,Cough Syrup 100ml (Ascoril),Respiratory / Antitussive,2026-04-26,12
2397,9,Insulin Glargine 100IU/ml,Antidiabetic / Injectable,2026-04-26,4
2398,10,ORS Electrolyte Powder Sachets,Hydration / Gastrointestinal,2026-04-26,28
2399,11,Ibuprofen 400mg,Analgesic / NSAID,2026-04-26,16
2400,12,Amlodipine 5mg,Antihypertensive,2026-04-26,21
2401,1,Paracetamol 650mg (Dolo),Analgesic / Antipyretic,2026-04-27,33
2402,2,Amoxicillin 500mg,Antibiotic,2026-04-27,28
2403,3,Metformin 500mg,Antidiabetic,2026-04-27,31
2404,4,Cetirizine 10mg,Antihistamine / Allergy,2026-04-27,21
2405,5,Azithromycin 500mg,Antibiotic,2026-04-27,17
2406,6,Atorvastatin 20mg,Cardiovascular,2026-04-27,34
2407,7,Pantoprazole 40mg,Antacid / Gastrointestinal,2026-04-27,21
2408,8,Cough Syrup 100ml (Ascoril),Respiratory / Antitussive,2026-04-27,23
2409,9,Insulin Glargine 100IU/ml,Antidiabetic / Injectable,2026-04-27,9
2410,10,ORS Electrolyte Powder Sachets,Hydration / Gastrointestinal,2026-04-27,33
2411,11,Ibuprofen 400mg,Analgesic / NSAID,2026-04-27,25
2412,12,Amlodipine 5mg,Antihypertensive,2026-04-27,37
2413,1,Paracetamol 650mg (Dolo),Analgesic / Antipyretic,2026-04-28,30
2414,2,Amoxicillin 500mg,Antibiotic,2026-04-28,22
2415,3,Metformin 500mg,Antidiabetic,2026-04-28,41
2416,4,Cetirizine 10mg,Antihistamine / Allergy,2026-04-28,23
2417,5,Azithromycin 500mg,Antibiotic,2026-04-28,14
2418,6,Atorvastatin 20mg,Cardiovascular,2026-04-28,29
2419,7,Pantoprazole 40mg,Antacid / Gastrointestinal,2026-04-28,30
2420,8,Cough Syrup 100ml (Ascoril),Respiratory / Antitussive,2026-04-28,15
2421,9,Insulin Glargine 100IU/ml,Antidiabetic / Injectable,2026-04-28,10
2422,10,ORS Electrolyte Powder Sachets,Hydration / Gastrointestinal,2026-04-28,51
2423,11,Ibuprofen 400mg,Analgesic / NSAID,2026-04-28,21
2424,12,Amlodipine 5mg,Antihypertensive,2026-04-28,29
2425,1,Paracetamol 650mg (Dolo),Analgesic / Antipyretic,2026-04-29,28
2426,2,Amoxicillin 500mg,Antibiotic,2026-04-29,30
2427,3,Metformin 500mg,Antidiabetic,2026-04-29,38
2428,4,Cetirizine 10mg,Antihistamine / Allergy,2026-04-29,22
2429,5,Azithromycin 500mg,Antibiotic,2026-04-29,17
2430,6,Atorvastatin 20mg,Cardiovascular,2026-04-29,26
2431,7,Pantoprazole 40mg,Antacid / Gastrointestinal,2026-04-29,31
2432,8,Cough Syrup 100ml (Ascoril),Respiratory / Antitussive,2026-04-29,16
2433,9,Insulin Glargine 100IU/ml,Antidiabetic / Injectable,2026-04-29,8
2434,10,ORS Electrolyte Powder Sachets,Hydration / Gastrointestinal,2026-04-29,41
2435,11,Ibuprofen 400mg,Analgesic / NSAID,2026-04-29,38
2436,12,Amlodipine 5mg,Antihypertensive,2026-04-29,27
2437,1,Paracetamol 650mg (Dolo),Analgesic / Antipyretic,2026-04-30,37
2438,2,Amoxicillin 500mg,Antibiotic,2026-04-30,31
2439,3,Metformin 500mg,Antidiabetic,2026-04-30,32
2440,4,Cetirizine 10mg,Antihistamine / Allergy,2026-04-30,16
2441,5,Azithromycin 500mg,Antibiotic,2026-04-30,18
2442,6,Atorvastatin 20mg,Cardiovascular,2026-04-30,35
2443,7,Pantoprazole 40mg,Antacid / Gastrointestinal,2026-04-30,21
2444,8,Cough Syrup 100ml (Ascoril),Respiratory / Antitussive,2026-04-30,22
2445,9,Insulin Glargine 100IU/ml,Antidiabetic / Injectable,2026-04-30,7
2446,10,ORS Electrolyte Powder Sachets,Hydration / Gastrointestinal,2026-04-30,44
2447,11,Ibuprofen 400mg,Analgesic / NSAID,2026-04-30,23
2448,12,Amlodipine 5mg,Antihypertensive,2026-04-30,28
2449,1,Paracetamol 650mg (Dolo),Analgesic / Antipyretic,2026-05-01,33
2450,2,Amoxicillin 500mg,Antibiotic,2026-05-01,23
2451,3,Metformin 500mg,Antidiabetic,2026-05-01,29
2452,4,Cetirizine 10mg,Antihistamine / Allergy,2026-05-01,16
2453,5,Azithromycin 500mg,Antibiotic,2026-05-01,13
2454,6,Atorvastatin 20mg,Cardiovascular,2026-05-01,24
2455,7,Pantoprazole 40mg,Antacid / Gastrointestinal,2026-05-01,32
2456,8,Cough Syrup 100ml (Ascoril),Respiratory / Antitussive,2026-05-01,25
2457,9,Insulin Glargine 100IU/ml,Antidiabetic / Injectable,2026-05-01,7
2458,10,ORS Electrolyte Powder Sachets,Hydration / Gastrointestinal,2026-05-01,57
2459,11,Ibuprofen 400mg,Analgesic / NSAID,2026-05-01,24
2460,12,Amlodipine 5mg,Antihypertensive,2026-05-01,31
2461,1,Paracetamol 650mg (Dolo),Analgesic / Antipyretic,2026-05-02,45
2462,2,Amoxicillin 500mg,Antibiotic,2026-05-02,35
2463,3,Metformin 500mg,Antidiabetic,2026-05-02,44
2464,4,Cetirizine 10mg,Antihistamine / Allergy,2026-05-02,17
2465,5,Azithromycin 500mg,Antibiotic,2026-05-02,18
2466,6,Atorvastatin 20mg,Cardiovascular,2026-05-02,37
2467,7,Pantoprazole 40mg,Antacid / Gastrointestinal,2026-05-02,28
2468,8,Cough Syrup 100ml (Ascoril),Respiratory / Antitussive,2026-05-02,23
2469,9,Insulin Glargine 100IU/ml,Antidiabetic / Injectable,2026-05-02,10
2470,10,ORS Electrolyte Powder Sachets,Hydration / Gastrointestinal,2026-05-02,61
2471,11,Ibuprofen 400mg,Analgesic / NSAID,2026-05-02,30
2472,12,Amlodipine 5mg,Antihypertensive,2026-05-02,48
2473,1,Paracetamol 650mg (Dolo),Analgesic / Antipyretic,2026-05-03,27
2474,2,Amoxicillin 500mg,Antibiotic,2026-05-03,16
2475,3,Metformin 500mg,Antidiabetic,2026-05-03,30
2476,4,Cetirizine 10mg,Antihistamine / Allergy,2026-05-03,17
2477,5,Azithromycin 500mg,Antibiotic,2026-05-03,10
2478,6,Atorvastatin 20mg,Cardiovascular,2026-05-03,29
2479,7,Pantoprazole 40mg,Antacid / Gastrointestinal,2026-05-03,18
2480,8,Cough Syrup 100ml (Ascoril),Respiratory / Antitussive,2026-05-03,19
2481,9,Insulin Glargine 100IU/ml,Antidiabetic / Injectable,2026-05-03,5
2482,10,ORS Electrolyte Powder Sachets,Hydration / Gastrointestinal,2026-05-03,60
2483,11,Ibuprofen 400mg,Analgesic / NSAID,2026-05-03,25
2484,12,Amlodipine 5mg,Antihypertensive,2026-05-03,21
2485,1,Paracetamol 650mg (Dolo),Analgesic / Antipyretic,2026-05-04,35
2486,2,Amoxicillin 500mg,Antibiotic,2026-05-04,31
2487,3,Metformin 500mg,Antidiabetic,2026-05-04,32
2488,4,Cetirizine 10mg,Antihistamine / Allergy,2026-05-04,18
2489,5,Azithromycin 500mg,Antibiotic,2026-05-04,13
2490,6,Atorvastatin 20mg,Cardiovascular,2026-05-04,18
2491,7,Pantoprazole 40mg,Antacid / Gastrointestinal,2026-05-04,28
2492,8,Cough Syrup 100ml (Ascoril),Respiratory / Antitussive,2026-05-04,17
2493,9,Insulin Glargine 100IU/ml,Antidiabetic / Injectable,2026-05-04,7
2494,10,ORS Electrolyte Powder Sachets,Hydration / Gastrointestinal,2026-05-04,69
2495,11,Ibuprofen 400mg,Analgesic / NSAID,2026-05-04,17
2496,12,Amlodipine 5mg,Antihypertensive,2026-05-04,33
2497,1,Paracetamol 650mg (Dolo),Analgesic / Antipyretic,2026-05-05,36
2498,2,Amoxicillin 500mg,Antibiotic,2026-05-05,25
2499,3,Metformin 500mg,Antidiabetic,2026-05-05,40
2500,4,Cetirizine 10mg,Antihistamine / Allergy,2026-05-05,20
2501,5,Azithromycin 500mg,Antibiotic,2026-05-05,15
2502,6,Atorvastatin 20mg,Cardiovascular,2026-05-05,33
2503,7,Pantoprazole 40mg,Antacid / Gastrointestinal,2026-05-05,26
2504,8,Cough Syrup 100ml (Ascoril),Respiratory / Antitussive,2026-05-05,18
2505,9,Insulin Glargine 100IU/ml,Antidiabetic / Injectable,2026-05-05,6
2506,10,ORS Electrolyte Powder Sachets,Hydration / Gastrointestinal,2026-05-05,47
2507,11,Ibuprofen 400mg,Analgesic / NSAID,2026-05-05,34
2508,12,Amlodipine 5mg,Antihypertensive,2026-05-05,35
2509,1,Paracetamol 650mg (Dolo),Analgesic / Antipyretic,2026-05-06,29
2510,2,Amoxicillin 500mg,Antibiotic,2026-05-06,20
2511,3,Metformin 500mg,Antidiabetic,2026-05-06,33
2512,4,Cetirizine 10mg,Antihistamine / Allergy,2026-05-06,20
2513,5,Azithromycin 500mg,Antibiotic,2026-05-06,14
2514,6,Atorvastatin 20mg,Cardiovascular,2026-05-06,23
2515,7,Pantoprazole 40mg,Antacid / Gastrointestinal,2026-05-06,27
2516,8,Cough Syrup 100ml (Ascoril),Respiratory / Antitussive,2026-05-06,21
2517,9,Insulin Glargine 100IU/ml,Antidiabetic / Injectable,2026-05-06,7
2518,10,ORS Electrolyte Powder Sachets,Hydration / Gastrointestinal,2026-05-06,33
2519,11,Ibuprofen 400mg,Analgesic / NSAID,2026-05-06,18
2520,12,Amlodipine 5mg,Antihypertensive,2026-05-06,21
2521,1,Paracetamol 650mg (Dolo),Analgesic / Antipyretic,2026-05-07,40
2522,2,Amoxicillin 500mg,Antibiotic,2026-05-07,40
2523,3,Metformin 500mg,Antidiabetic,2026-05-07,32
2524,4,Cetirizine 10mg,Antihistamine / Allergy,2026-05-07,17
2525,5,Azithromycin 500mg,Antibiotic,2026-05-07,26
2526,6,Atorvastatin 20mg,Cardiovascular,2026-05-07,26
2527,7,Pantoprazole 40mg,Antacid / Gastrointestinal,2026-05-07,30
2528,8,Cough Syrup 100ml (Ascoril),Respiratory / Antitussive,2026-05-07,22
2529,9,Insulin Glargine 100IU/ml,Antidiabetic / Injectable,2026-05-07,11
2530,10,ORS Electrolyte Powder Sachets,Hydration / Gastrointestinal,2026-05-07,44
2531,11,Ibuprofen 400mg,Analgesic / NSAID,2026-05-07,21
2532,12,Amlodipine 5mg,Antihypertensive,2026-05-07,21
2533,1,Paracetamol 650mg (Dolo),Analgesic / Antipyretic,2026-05-08,42
2534,2,Amoxicillin 500mg,Antibiotic,2026-05-08,22
2535,3,Metformin 500mg,Antidiabetic,2026-05-08,28
2536,4,Cetirizine 10mg,Antihistamine / Allergy,2026-05-08,17
2537,5,Azithromycin 500mg,Antibiotic,2026-05-08,26
2538,6,Atorvastatin 20mg,Cardiovascular,2026-05-08,28
2539,7,Pantoprazole 40mg,Antacid / Gastrointestinal,2026-05-08,22
2540,8,Cough Syrup 100ml (Ascoril),Respiratory / Antitussive,2026-05-08,20
2541,9,Insulin Glargine 100IU/ml,Antidiabetic / Injectable,2026-05-08,5
2542,10,ORS Electrolyte Powder Sachets,Hydration / Gastrointestinal,2026-05-08,42
2543,11,Ibuprofen 400mg,Analgesic / NSAID,2026-05-08,18
2544,12,Amlodipine 5mg,Antihypertensive,2026-05-08,39
2545,1,Paracetamol 650mg (Dolo),Analgesic / Antipyretic,2026-05-09,64
2546,2,Amoxicillin 500mg,Antibiotic,2026-05-09,32
2547,3,Metformin 500mg,Antidiabetic,2026-05-09,26
2548,4,Cetirizine 10mg,Antihistamine / Allergy,2026-05-09,19
2549,5,Azithromycin 500mg,Antibiotic,2026-05-09,19
2550,6,Atorvastatin 20mg,Cardiovascular,2026-05-09,38
2551,7,Pantoprazole 40mg,Antacid / Gastrointestinal,2026-05-09,23
2552,8,Cough Syrup 100ml (Ascoril),Respiratory / Antitussive,2026-05-09,15
2553,9,Insulin Glargine 100IU/ml,Antidiabetic / Injectable,2026-05-09,12
2554,10,ORS Electrolyte Powder Sachets,Hydration / Gastrointestinal,2026-05-09,68
2555,11,Ibuprofen 400mg,Analgesic / NSAID,2026-05-09,18
2556,12,Amlodipine 5mg,Antihypertensive,2026-05-09,32
2557,1,Paracetamol 650mg (Dolo),Analgesic / Antipyretic,2026-05-10,17
2558,2,Amoxicillin 500mg,Antibiotic,2026-05-10,21
2559,3,Metformin 500mg,Antidiabetic,2026-05-10,27
2560,4,Cetirizine 10mg,Antihistamine / Allergy,2026-05-10,18
2561,5,Azithromycin 500mg,Antibiotic,2026-05-10,8
2562,6,Atorvastatin 20mg,Cardiovascular,2026-05-10,20
2563,7,Pantoprazole 40mg,Antacid / Gastrointestinal,2026-05-10,19
2564,8,Cough Syrup 100ml (Ascoril),Respiratory / Antitussive,2026-05-10,17
2565,9,Insulin Glargine 100IU/ml,Antidiabetic / Injectable,2026-05-10,4
2566,10,ORS Electrolyte Powder Sachets,Hydration / Gastrointestinal,2026-05-10,42
2567,11,Ibuprofen 400mg,Analgesic / NSAID,2026-05-10,13
2568,12,Amlodipine 5mg,Antihypertensive,2026-05-10,23
2569,1,Paracetamol 650mg (Dolo),Analgesic / Antipyretic,2026-05-11,44
2570,2,Amoxicillin 500mg,Antibiotic,2026-05-11,24
2571,3,Metformin 500mg,Antidiabetic,2026-05-11,30
2572,4,Cetirizine 10mg,Antihistamine / Allergy,2026-05-11,14
2573,5,Azithromycin 500mg,Antibiotic,2026-05-11,13
2574,6,Atorvastatin 20mg,Cardiovascular,2026-05-11,24
2575,7,Pantoprazole 40mg,Antacid / Gastrointestinal,2026-05-11,42
2576,8,Cough Syrup 100ml (Ascoril),Respiratory / Antitussive,2026-05-11,16
2577,9,Insulin Glargine 100IU/ml,Antidiabetic / Injectable,2026-05-11,10
2578,10,ORS Electrolyte Powder Sachets,Hydration / Gastrointestinal,2026-05-11,65
2579,11,Ibuprofen 400mg,Analgesic / NSAID,2026-05-11,20
2580,12,Amlodipine 5mg,Antihypertensive,2026-05-11,33
2581,1,Paracetamol 650mg (Dolo),Analgesic / Antipyretic,2026-05-12,41
2582,2,Amoxicillin 500mg,Antibiotic,2026-05-12,27
2583,3,Metformin 500mg,Antidiabetic,2026-05-12,30
2584,4,Cetirizine 10mg,Antihistamine / Allergy,2026-05-12,23
2585,5,Azithromycin 500mg,Antibiotic,2026-05-12,16
2586,6,Atorvastatin 20mg,Cardiovascular,2026-05-12,21
2587,7,Pantoprazole 40mg,Antacid / Gastrointestinal,2026-05-12,21
2588,8,Cough Syrup 100ml (Ascoril),Respiratory / Antitussive,2026-05-12,19
2589,9,Insulin Glargine 100IU/ml,Antidiabetic / Injectable,2026-05-12,5
2590,10,ORS Electrolyte Powder Sachets,Hydration / Gastrointestinal,2026-05-12,54
2591,11,Ibuprofen 400mg,Analgesic / NSAID,2026-05-12,23
2592,12,Amlodipine 5mg,Antihypertensive,2026-05-12,23
2593,1,Paracetamol 650mg (Dolo),Analgesic / Antipyretic,2026-05-13,38
2594,2,Amoxicillin 500mg,Antibiotic,2026-05-13,26
2595,3,Metformin 500mg,Antidiabetic,2026-05-13,35
2596,4,Cetirizine 10mg,Antihistamine / Allergy,2026-05-13,11
2597,5,Azithromycin 500mg,Antibiotic,2026-05-13,12
2598,6,Atorvastatin 20mg,Cardiovascular,2026-05-13,25
2599,7,Pantoprazole 40mg,Antacid / Gastrointestinal,2026-05-13,34
2600,8,Cough Syrup 100ml (Ascoril),Respiratory / Antitussive,2026-05-13,18
2601,9,Insulin Glargine 100IU/ml,Antidiabetic / Injectable,2026-05-13,3
2602,10,ORS Electrolyte Powder Sachets,Hydration / Gastrointestinal,2026-05-13,61
2603,11,Ibuprofen 400mg,Analgesic / NSAID,2026-05-13,17
2604,12,Amlodipine 5mg,Antihypertensive,2026-05-13,20
2605,1,Paracetamol 650mg (Dolo),Analgesic / Antipyretic,2026-05-14,34
2606,2,Amoxicillin 500mg,Antibiotic,2026-05-14,24
2607,3,Metformin 500mg,Antidiabetic,2026-05-14,27
2608,4,Cetirizine 10mg,Antihistamine / Allergy,2026-05-14,11
2609,5,Azithromycin 500mg,Antibiotic,2026-05-14,15
2610,6,Atorvastatin 20mg,Cardiovascular,2026-05-14,30
2611,7,Pantoprazole 40mg,Antacid / Gastrointestinal,2026-05-14,31
2612,8,Cough Syrup 100ml (Ascoril),Respiratory / Antitussive,2026-05-14,16
2613,9,Insulin Glargine 100IU/ml,Antidiabetic / Injectable,2026-05-14,6
2614,10,ORS Electrolyte Powder Sachets,Hydration / Gastrointestinal,2026-05-14,55
2615,11,Ibuprofen 400mg,Analgesic / NSAID,2026-05-14,21
2616,12,Amlodipine 5mg,Antihypertensive,2026-05-14,28
2617,1,Paracetamol 650mg (Dolo),Analgesic / Antipyretic,2026-05-15,33
2618,2,Amoxicillin 500mg,Antibiotic,2026-05-15,25
2619,3,Metformin 500mg,Antidiabetic,2026-05-15,33
2620,4,Cetirizine 10mg,Antihistamine / Allergy,2026-05-15,23
2621,5,Azithromycin 500mg,Antibiotic,2026-05-15,16
2622,6,Atorvastatin 20mg,Cardiovascular,2026-05-15,27
2623,7,Pantoprazole 40mg,Antacid / Gastrointestinal,2026-05-15,28
2624,8,Cough Syrup 100ml (Ascoril),Respiratory / Antitussive,2026-05-15,25
2625,9,Insulin Glargine 100IU/ml,Antidiabetic / Injectable,2026-05-15,7
2626,10,ORS Electrolyte Powder Sachets,Hydration / Gastrointestinal,2026-05-15,46
2627,11,Ibuprofen 400mg,Analgesic / NSAID,2026-05-15,24
2628,12,Amlodipine 5mg,Antihypertensive,2026-05-15,28
2629,1,Paracetamol 650mg (Dolo),Analgesic / Antipyretic,2026-05-16,41
2630,2,Amoxicillin 500mg,Antibiotic,2026-05-16,26
2631,3,Metformin 500mg,Antidiabetic,2026-05-16,37
2632,4,Cetirizine 10mg,Antihistamine / Allergy,2026-05-16,23
2633,5,Azithromycin 500mg,Antibiotic,2026-05-16,16
2634,6,Atorvastatin 20mg,Cardiovascular,2026-05-16,29
2635,7,Pantoprazole 40mg,Antacid / Gastrointestinal,2026-05-16,43
2636,8,Cough Syrup 100ml (Ascoril),Respiratory / Antitussive,2026-05-16,28
2637,9,Insulin Glargine 100IU/ml,Antidiabetic / Injectable,2026-05-16,8
2638,10,ORS Electrolyte Powder Sachets,Hydration / Gastrointestinal,2026-05-16,74
2639,11,Ibuprofen 400mg,Analgesic / NSAID,2026-05-16,18
2640,12,Amlodipine 5mg,Antihypertensive,2026-05-16,31
2641,1,Paracetamol 650mg (Dolo),Analgesic / Antipyretic,2026-05-17,43
2642,2,Amoxicillin 500mg,Antibiotic,2026-05-17,20
2643,3,Metformin 500mg,Antidiabetic,2026-05-17,21
2644,4,Cetirizine 10mg,Antihistamine / Allergy,2026-05-17,13
2645,5,Azithromycin 500mg,Antibiotic,2026-05-17,9
2646,6,Atorvastatin 20mg,Cardiovascular,2026-05-17,17
2647,7,Pantoprazole 40mg,Antacid / Gastrointestinal,2026-05-17,22
2648,8,Cough Syrup 100ml (Ascoril),Respiratory / Antitussive,2026-05-17,12
2649,9,Insulin Glargine 100IU/ml,Antidiabetic / Injectable,2026-05-17,5
2650,10,ORS Electrolyte Powder Sachets,Hydration / Gastrointestinal,2026-05-17,53
2651,11,Ibuprofen 400mg,Analgesic / NSAID,2026-05-17,13
2652,12,Amlodipine 5mg,Antihypertensive,2026-05-17,27
2653,1,Paracetamol 650mg (Dolo),Analgesic / Antipyretic,2026-05-18,42
2654,2,Amoxicillin 500mg,Antibiotic,2026-05-18,29
2655,3,Metformin 500mg,Antidiabetic,2026-05-18,26
2656,4,Cetirizine 10mg,Antihistamine / Allergy,2026-05-18,21
2657,5,Azithromycin 500mg,Antibiotic,2026-05-18,11
2658,6,Atorvastatin 20mg,Cardiovascular,2026-05-18,28
2659,7,Pantoprazole 40mg,Antacid / Gastrointestinal,2026-05-18,29
2660,8,Cough Syrup 100ml (Ascoril),Respiratory / Antitussive,2026-05-18,22
2661,9,Insulin Glargine 100IU/ml,Antidiabetic / Injectable,2026-05-18,4
2662,10,ORS Electrolyte Powder Sachets,Hydration / Gastrointestinal,2026-05-18,46
2663,11,Ibuprofen 400mg,Analgesic / NSAID,2026-05-18,21
2664,12,Amlodipine 5mg,Antihypertensive,2026-05-18,21
2665,1,Paracetamol 650mg (Dolo),Analgesic / Antipyretic,2026-05-19,42
2666,2,Amoxicillin 500mg,Antibiotic,2026-05-19,18
2667,3,Metformin 500mg,Antidiabetic,2026-05-19,35
2668,4,Cetirizine 10mg,Antihistamine / Allergy,2026-05-19,14
2669,5,Azithromycin 500mg,Antibiotic,2026-05-19,16
2670,6,Atorvastatin 20mg,Cardiovascular,2026-05-19,27
2671,7,Pantoprazole 40mg,Antacid / Gastrointestinal,2026-05-19,24
2672,8,Cough Syrup 100ml (Ascoril),Respiratory / Antitussive,2026-05-19,22
2673,9,Insulin Glargine 100IU/ml,Antidiabetic / Injectable,2026-05-19,7
2674,10,ORS Electrolyte Powder Sachets,Hydration / Gastrointestinal,2026-05-19,49
2675,11,Ibuprofen 400mg,Analgesic / NSAID,2026-05-19,15
2676,12,Amlodipine 5mg,Antihypertensive,2026-05-19,16
2677,1,Paracetamol 650mg (Dolo),Analgesic / Antipyretic,2026-05-20,41
2678,2,Amoxicillin 500mg,Antibiotic,2026-05-20,17
2679,3,Metformin 500mg,Antidiabetic,2026-05-20,31
2680,4,Cetirizine 10mg,Antihistamine / Allergy,2026-05-20,18
2681,5,Azithromycin 500mg,Antibiotic,2026-05-20,16
2682,6,Atorvastatin 20mg,Cardiovascular,2026-05-20,23
2683,7,Pantoprazole 40mg,Antacid / Gastrointestinal,2026-05-20,26
2684,8,Cough Syrup 100ml (Ascoril),Respiratory / Antitussive,2026-05-20,23
2685,9,Insulin Glargine 100IU/ml,Antidiabetic / Injectable,2026-05-20,7
2686,10,ORS Electrolyte Powder Sachets,Hydration / Gastrointestinal,2026-05-20,58
2687,11,Ibuprofen 400mg,Analgesic / NSAID,2026-05-20,21
2688,12,Amlodipine 5mg,Antihypertensive,2026-05-20,18
2689,1,Paracetamol 650mg (Dolo),Analgesic / Antipyretic,2026-05-21,44
2690,2,Amoxicillin 500mg,Antibiotic,2026-05-21,27
2691,3,Metformin 500mg,Antidiabetic,2026-05-21,25
2692,4,Cetirizine 10mg,Antihistamine / Allergy,2026-05-21,18
2693,5,Azithromycin 500mg,Antibiotic,2026-05-21,14
2694,6,Atorvastatin 20mg,Cardiovascular,2026-05-21,23
2695,7,Pantoprazole 40mg,Antacid / Gastrointestinal,2026-05-21,30
2696,8,Cough Syrup 100ml (Ascoril),Respiratory / Antitussive,2026-05-21,25
2697,9,Insulin Glargine 100IU/ml,Antidiabetic / Injectable,2026-05-21,9
2698,10,ORS Electrolyte Powder Sachets,Hydration / Gastrointestinal,2026-05-21,42
2699,11,Ibuprofen 400mg,Analgesic / NSAID,2026-05-21,21
2700,12,Amlodipine 5mg,Antihypertensive,2026-05-21,52
2701,1,Paracetamol 650mg (Dolo),Analgesic / Antipyretic,2026-05-22,41
2702,2,Amoxicillin 500mg,Antibiotic,2026-05-22,28
2703,3,Metformin 500mg,Antidiabetic,2026-05-22,41
2704,4,Cetirizine 10mg,Antihistamine / Allergy,2026-05-22,22
2705,5,Azithromycin 500mg,Antibiotic,2026-05-22,15
2706,6,Atorvastatin 20mg,Cardiovascular,2026-05-22,29
2707,7,Pantoprazole 40mg,Antacid / Gastrointestinal,2026-05-22,29
2708,8,Cough Syrup 100ml (Ascoril),Respiratory / Antitussive,2026-05-22,20
2709,9,Insulin Glargine 100IU/ml,Antidiabetic / Injectable,2026-05-22,6
2710,10,ORS Electrolyte Powder Sachets,Hydration / Gastrointestinal,2026-05-22,70
2711,11,Ibuprofen 400mg,Analgesic / NSAID,2026-05-22,16
2712,12,Amlodipine 5mg,Antihypertensive,2026-05-22,32
2713,1,Paracetamol 650mg (Dolo),Analgesic / Antipyretic,2026-05-23,49
2714,2,Amoxicillin 500mg,Antibiotic,2026-05-23,20
2715,3,Metformin 500mg,Antidiabetic,2026-05-23,37
2716,4,Cetirizine 10mg,Antihistamine / Allergy,2026-05-23,13
2717,5,Azithromycin 500mg,Antibiotic,2026-05-23,17
2718,6,Atorvastatin 20mg,Cardiovascular,2026-05-23,32
2719,7,Pantoprazole 40mg,Antacid / Gastrointestinal,2026-05-23,29
2720,8,Cough Syrup 100ml (Ascoril),Respiratory / Antitussive,2026-05-23,24
2721,9,Insulin Glargine 100IU/ml,Antidiabetic / Injectable,2026-05-23,12
2722,10,ORS Electrolyte Powder Sachets,Hydration / Gastrointestinal,2026-05-23,58
2723,11,Ibuprofen 400mg,Analgesic / NSAID,2026-05-23,18
2724,12,Amlodipine 5mg,Antihypertensive,2026-05-23,37
2725,1,Paracetamol 650mg (Dolo),Analgesic / Antipyretic,2026-05-24,43
2726,2,Amoxicillin 500mg,Antibiotic,2026-05-24,19
2727,3,Metformin 500mg,Antidiabetic,2026-05-24,30
2728,4,Cetirizine 10mg,Antihistamine / Allergy,2026-05-24,19
2729,5,Azithromycin 500mg,Antibiotic,2026-05-24,9
2730,6,Atorvastatin 20mg,Cardiovascular,2026-05-24,18
2731,7,Pantoprazole 40mg,Antacid / Gastrointestinal,2026-05-24,29
2732,8,Cough Syrup 100ml (Ascoril),Respiratory / Antitussive,2026-05-24,22
2733,9,Insulin Glargine 100IU/ml,Antidiabetic / Injectable,2026-05-24,7
2734,10,ORS Electrolyte Powder Sachets,Hydration / Gastrointestinal,2026-05-24,38
2735,11,Ibuprofen 400mg,Analgesic / NSAID,2026-05-24,21
2736,12,Amlodipine 5mg,Antihypertensive,2026-05-24,19
2737,1,Paracetamol 650mg (Dolo),Analgesic / Antipyretic,2026-05-25,36
2738,2,Amoxicillin 500mg,Antibiotic,2026-05-25,25
2739,3,Metformin 500mg,Antidiabetic,2026-05-25,39
2740,4,Cetirizine 10mg,Antihistamine / Allergy,2026-05-25,21
2741,5,Azithromycin 500mg,Antibiotic,2026-05-25,15
2742,6,Atorvastatin 20mg,Cardiovascular,2026-05-25,26
2743,7,Pantoprazole 40mg,Antacid / Gastrointestinal,2026-05-25,28
2744,8,Cough Syrup 100ml (Ascoril),Respiratory / Antitussive,2026-05-25,22
2745,9,Insulin Glargine 100IU/ml,Antidiabetic / Injectable,2026-05-25,2
2746,10,ORS Electrolyte Powder Sachets,Hydration / Gastrointestinal,2026-05-25,52
2747,11,Ibuprofen 400mg,Analgesic / NSAID,2026-05-25,20
2748,12,Amlodipine 5mg,Antihypertensive,2026-05-25,20
2749,1,Paracetamol 650mg (Dolo),Analgesic / Antipyretic,2026-05-26,41
2750,2,Amoxicillin 500mg,Antibiotic,2026-05-26,22
2751,3,Metformin 500mg,Antidiabetic,2026-05-26,40
2752,4,Cetirizine 10mg,Antihistamine / Allergy,2026-05-26,24
2753,5,Azithromycin 500mg,Antibiotic,2026-05-26,13
2754,6,Atorvastatin 20mg,Cardiovascular,2026-05-26,23
2755,7,Pantoprazole 40mg,Antacid / Gastrointestinal,2026-05-26,28
2756,8,Cough Syrup 100ml (Ascoril),Respiratory / Antitussive,2026-05-26,18
2757,9,Insulin Glargine 100IU/ml,Antidiabetic / Injectable,2026-05-26,7
2758,10,ORS Electrolyte Powder Sachets,Hydration / Gastrointestinal,2026-05-26,47
2759,11,Ibuprofen 400mg,Analgesic / NSAID,2026-05-26,15
2760,12,Amlodipine 5mg,Antihypertensive,2026-05-26,28
2761,1,Paracetamol 650mg (Dolo),Analgesic / Antipyretic,2026-05-27,71
2762,2,Amoxicillin 500mg,Antibiotic,2026-05-27,19
2763,3,Metformin 500mg,Antidiabetic,2026-05-27,40
2764,4,Cetirizine 10mg,Antihistamine / Allergy,2026-05-27,16
2765,5,Azithromycin 500mg,Antibiotic,2026-05-27,15
2766,6,Atorvastatin 20mg,Cardiovascular,2026-05-27,32
2767,7,Pantoprazole 40mg,Antacid / Gastrointestinal,2026-05-27,28
2768,8,Cough Syrup 100ml (Ascoril),Respiratory / Antitussive,2026-05-27,22
2769,9,Insulin Glargine 100IU/ml,Antidiabetic / Injectable,2026-05-27,7
2770,10,ORS Electrolyte Powder Sachets,Hydration / Gastrointestinal,2026-05-27,53
2771,11,Ibuprofen 400mg,Analgesic / NSAID,2026-05-27,21
2772,12,Amlodipine 5mg,Antihypertensive,2026-05-27,25
2773,1,Paracetamol 650mg (Dolo),Analgesic / Antipyretic,2026-05-28,37
2774,2,Amoxicillin 500mg,Antibiotic,2026-05-28,16
2775,3,Metformin 500mg,Antidiabetic,2026-05-28,32
2776,4,Cetirizine 10mg,Antihistamine / Allergy,2026-05-28,18
2777,5,Azithromycin 500mg,Antibiotic,2026-05-28,12
2778,6,Atorvastatin 20mg,Cardiovascular,2026-05-28,26
2779,7,Pantoprazole 40mg,Antacid / Gastrointestinal,2026-05-28,28
2780,8,Cough Syrup 100ml (Ascoril),Respiratory / Antitussive,2026-05-28,22
2781,9,Insulin Glargine 100IU/ml,Antidiabetic / Injectable,2026-05-28,9
2782,10,ORS Electrolyte Powder Sachets,Hydration / Gastrointestinal,2026-05-28,48
2783,11,Ibuprofen 400mg,Analgesic / NSAID,2026-05-28,17
2784,12,Amlodipine 5mg,Antihypertensive,2026-05-28,23
2785,1,Paracetamol 650mg (Dolo),Analgesic / Antipyretic,2026-05-29,35
2786,2,Amoxicillin 500mg,Antibiotic,2026-05-29,21
2787,3,Metformin 500mg,Antidiabetic,2026-05-29,30
2788,4,Cetirizine 10mg,Antihistamine / Allergy,2026-05-29,14
2789,5,Azithromycin 500mg,Antibiotic,2026-05-29,13
2790,6,Atorvastatin 20mg,Cardiovascular,2026-05-29,29
2791,7,Pantoprazole 40mg,Antacid / Gastrointestinal,2026-05-29,31
2792,8,Cough Syrup 100ml (Ascoril),Respiratory / Antitussive,2026-05-29,18
2793,9,Insulin Glargine 100IU/ml,Antidiabetic / Injectable,2026-05-29,7
2794,10,ORS Electrolyte Powder Sachets,Hydration / Gastrointestinal,2026-05-29,46
2795,11,Ibuprofen 400mg,Analgesic / NSAID,2026-05-29,22
2796,12,Amlodipine 5mg,Antihypertensive,2026-05-29,24
2797,1,Paracetamol 650mg (Dolo),Analgesic / Antipyretic,2026-05-30,49
2798,2,Amoxicillin 500mg,Antibiotic,2026-05-30,17
2799,3,Metformin 500mg,Antidiabetic,2026-05-30,38
2800,4,Cetirizine 10mg,Antihistamine / Allergy,2026-05-30,23
2801,5,Azithromycin 500mg,Antibiotic,2026-05-30,15
2802,6,Atorvastatin 20mg,Cardiovascular,2026-05-30,48
2803,7,Pantoprazole 40mg,Antacid / Gastrointestinal,2026-05-30,35
2804,8,Cough Syrup 100ml (Ascoril),Respiratory / Antitussive,2026-05-30,19
2805,9,Insulin Glargine 100IU/ml,Antidiabetic / Injectable,2026-05-30,9
2806,10,ORS Electrolyte Powder Sachets,Hydration / Gastrointestinal,2026-05-30,43
2807,11,Ibuprofen 400mg,Analgesic / NSAID,2026-05-30,25
2808,12,Amlodipine 5mg,Antihypertensive,2026-05-30,28
2809,1,Paracetamol 650mg (Dolo),Analgesic / Antipyretic,2026-05-31,37
2810,2,Amoxicillin 500mg,Antibiotic,2026-05-31,16
2811,3,Metformin 500mg,Antidiabetic,2026-05-31,28
2812,4,Cetirizine 10mg,Antihistamine / Allergy,2026-05-31,14
2813,5,Azithromycin 500mg,Antibiotic,2026-05-31,14
2814,6,Atorvastatin 20mg,Cardiovascular,2026-05-31,22
2815,7,Pantoprazole 40mg,Antacid / Gastrointestinal,2026-05-31,31
2816,8,Cough Syrup 100ml (Ascoril),Respiratory / Antitussive,2026-05-31,19
2817,9,Insulin Glargine 100IU/ml,Antidiabetic / Injectable,2026-05-31,7
2818,10,ORS Electrolyte Powder Sachets,Hydration / Gastrointestinal,2026-05-31,49
2819,11,Ibuprofen 400mg,Analgesic / NSAID,2026-05-31,19
2820,12,Amlodipine 5mg,Antihypertensive,2026-05-31,15
2821,1,Paracetamol 650mg (Dolo),Analgesic / Antipyretic,2026-06-01,39
2822,2,Amoxicillin 500mg,Antibiotic,2026-06-01,25
2823,3,Metformin 500mg,Antidiabetic,2026-06-01,34
2824,4,Cetirizine 10mg,Antihistamine / Allergy,2026-06-01,16
2825,5,Azithromycin 500mg,Antibiotic,2026-06-01,13
2826,6,Atorvastatin 20mg,Cardiovascular,2026-06-01,36
2827,7,Pantoprazole 40mg,Antacid / Gastrointestinal,2026-06-01,34
2828,8,Cough Syrup 100ml (Ascoril),Respiratory / Antitussive,2026-06-01,21
2829,9,Insulin Glargine 100IU/ml,Antidiabetic / Injectable,2026-06-01,10
2830,10,ORS Electrolyte Powder Sachets,Hydration / Gastrointestinal,2026-06-01,39
2831,11,Ibuprofen 400mg,Analgesic / NSAID,2026-06-01,15
2832,12,Amlodipine 5mg,Antihypertensive,2026-06-01,24
2833,1,Paracetamol 650mg (Dolo),Analgesic / Antipyretic,2026-06-02,52
2834,2,Amoxicillin 500mg,Antibiotic,2026-06-02,21
2835,3,Metformin 500mg,Antidiabetic,2026-06-02,33
2836,4,Cetirizine 10mg,Antihistamine / Allergy,2026-06-02,20
2837,5,Azithromycin 500mg,Antibiotic,2026-06-02,19
2838,6,Atorvastatin 20mg,Cardiovascular,2026-06-02,36
2839,7,Pantoprazole 40mg,Antacid / Gastrointestinal,2026-06-02,39
2840,8,Cough Syrup 100ml (Ascoril),Respiratory / Antitussive,2026-06-02,21
2841,9,Insulin Glargine 100IU/ml,Antidiabetic / Injectable,2026-06-02,8
2842,10,ORS Electrolyte Powder Sachets,Hydration / Gastrointestinal,2026-06-02,30
2843,11,Ibuprofen 400mg,Analgesic / NSAID,2026-06-02,28
2844,12,Amlodipine 5mg,Antihypertensive,2026-06-02,23
2845,1,Paracetamol 650mg (Dolo),Analgesic / Antipyretic,2026-06-03,42
2846,2,Amoxicillin 500mg,Antibiotic,2026-06-03,17
2847,3,Metformin 500mg,Antidiabetic,2026-06-03,31
2848,4,Cetirizine 10mg,Antihistamine / Allergy,2026-06-03,18
2849,5,Azithromycin 500mg,Antibiotic,2026-06-03,12
2850,6,Atorvastatin 20mg,Cardiovascular,2026-06-03,25
2851,7,Pantoprazole 40mg,Antacid / Gastrointestinal,2026-06-03,25
2852,8,Cough Syrup 100ml (Ascoril),Respiratory / Antitussive,2026-06-03,24
2853,9,Insulin Glargine 100IU/ml,Antidiabetic / Injectable,2026-06-03,6
2854,10,ORS Electrolyte Powder Sachets,Hydration / Gastrointestinal,2026-06-03,44
2855,11,Ibuprofen 400mg,Analgesic / NSAID,2026-06-03,27
2856,12,Amlodipine 5mg,Antihypertensive,2026-06-03,26
2857,1,Paracetamol 650mg (Dolo),Analgesic / Antipyretic,2026-06-04,35
2858,2,Amoxicillin 500mg,Antibiotic,2026-06-04,20
2859,3,Metformin 500mg,Antidiabetic,2026-06-04,42
2860,4,Cetirizine 10mg,Antihistamine / Allergy,2026-06-04,22
2861,5,Azithromycin 500mg,Antibiotic,2026-06-04,12
2862,6,Atorvastatin 20mg,Cardiovascular,2026-06-04,30
2863,7,Pantoprazole 40mg,Antacid / Gastrointestinal,2026-06-04,22
2864,8,Cough Syrup 100ml (Ascoril),Respiratory / Antitussive,2026-06-04,24
2865,9,Insulin Glargine 100IU/ml,Antidiabetic / Injectable,2026-06-04,9
2866,10,ORS Electrolyte Powder Sachets,Hydration / Gastrointestinal,2026-06-04,40
2867,11,Ibuprofen 400mg,Analgesic / NSAID,2026-06-04,18
2868,12,Amlodipine 5mg,Antihypertensive,2026-06-04,24
2869,1,Paracetamol 650mg (Dolo),Analgesic / Antipyretic,2026-06-05,45
2870,2,Amoxicillin 500mg,Antibiotic,2026-06-05,26
2871,3,Metformin 500mg,Antidiabetic,2026-06-05,31
2872,4,Cetirizine 10mg,Antihistamine / Allergy,2026-06-05,23
2873,5,Azithromycin 500mg,Antibiotic,2026-06-05,8
2874,6,Atorvastatin 20mg,Cardiovascular,2026-06-05,25
2875,7,Pantoprazole 40mg,Antacid / Gastrointestinal,2026-06-05,28
2876,8,Cough Syrup 100ml (Ascoril),Respiratory / Antitussive,2026-06-05,18
2877,9,Insulin Glargine 100IU/ml,Antidiabetic / Injectable,2026-06-05,6
2878,10,ORS Electrolyte Powder Sachets,Hydration / Gastrointestinal,2026-06-05,37
2879,11,Ibuprofen 400mg,Analgesic / NSAID,2026-06-05,23
2880,12,Amlodipine 5mg,Antihypertensive,2026-06-05,28
2881,1,Paracetamol 650mg (Dolo),Analgesic / Antipyretic,2026-06-06,28
2882,2,Amoxicillin 500mg,Antibiotic,2026-06-06,15
2883,3,Metformin 500mg,Antidiabetic,2026-06-06,31
2884,4,Cetirizine 10mg,Antihistamine / Allergy,2026-06-06,26
2885,5,Azithromycin 500mg,Antibiotic,2026-06-06,7
2886,6,Atorvastatin 20mg,Cardiovascular,2026-06-06,25
2887,7,Pantoprazole 40mg,Antacid / Gastrointestinal,2026-06-06,29
2888,8,Cough Syrup 100ml (Ascoril),Respiratory / Antitussive,2026-06-06,31
2889,9,Insulin Glargine 100IU/ml,Antidiabetic / Injectable,2026-06-06,7
2890,10,ORS Electrolyte Powder Sachets,Hydration / Gastrointestinal,2026-06-06,52
2891,11,Ibuprofen 400mg,Analgesic / NSAID,2026-06-06,22
2892,12,Amlodipine 5mg,Antihypertensive,2026-06-06,18
2893,1,Paracetamol 650mg (Dolo),Analgesic / Antipyretic,2026-06-07,39
2894,2,Amoxicillin 500mg,Antibiotic,2026-06-07,18
2895,3,Metformin 500mg,Antidiabetic,2026-06-07,27
2896,4,Cetirizine 10mg,Antihistamine / Allergy,2026-06-07,30
2897,5,Azithromycin 500mg,Antibiotic,2026-06-07,7
2898,6,Atorvastatin 20mg,Cardiovascular,2026-06-07,26
2899,7,Pantoprazole 40mg,Antacid / Gastrointestinal,2026-06-07,22
2900,8,Cough Syrup 100ml (Ascoril),Respiratory / Antitussive,2026-06-07,18
2901,9,Insulin Glargine 100IU/ml,Antidiabetic / Injectable,2026-06-07,5
2902,10,ORS Electrolyte Powder Sachets,Hydration / Gastrointestinal,2026-06-07,32
2903,11,Ibuprofen 400mg,Analgesic / NSAID,2026-06-07,14
2904,12,Amlodipine 5mg,Antihypertensive,2026-06-07,22
2905,1,Paracetamol 650mg (Dolo),Analgesic / Antipyretic,2026-06-08,29
2906,2,Amoxicillin 500mg,Antibiotic,2026-06-08,23
2907,3,Metformin 500mg,Antidiabetic,2026-06-08,28
2908,4,Cetirizine 10mg,Antihistamine / Allergy,2026-06-08,17
2909,5,Azithromycin 500mg,Antibiotic,2026-06-08,13
2910,6,Atorvastatin 20mg,Cardiovascular,2026-06-08,30
2911,7,Pantoprazole 40mg,Antacid / Gastrointestinal,2026-06-08,25
2912,8,Cough Syrup 100ml (Ascoril),Respiratory / Antitussive,2026-06-08,23
2913,9,Insulin Glargine 100IU/ml,Antidiabetic / Injectable,2026-06-08,5
2914,10,ORS Electrolyte Powder Sachets,Hydration / Gastrointestinal,2026-06-08,48
2915,11,Ibuprofen 400mg,Analgesic / NSAID,2026-06-08,21
2916,12,Amlodipine 5mg,Antihypertensive,2026-06-08,33
2917,1,Paracetamol 650mg (Dolo),Analgesic / Antipyretic,2026-06-09,39
2918,2,Amoxicillin 500mg,Antibiotic,2026-06-09,23
2919,3,Metformin 500mg,Antidiabetic,2026-06-09,31
2920,4,Cetirizine 10mg,Antihistamine / Allergy,2026-06-09,26
2921,5,Azithromycin 500mg,Antibiotic,2026-06-09,12
2922,6,Atorvastatin 20mg,Cardiovascular,2026-06-09,27
2923,7,Pantoprazole 40mg,Antacid / Gastrointestinal,2026-06-09,27
2924,8,Cough Syrup 100ml (Ascoril),Respiratory / Antitussive,2026-06-09,21
2925,9,Insulin Glargine 100IU/ml,Antidiabetic / Injectable,2026-06-09,7
2926,10,ORS Electrolyte Powder Sachets,Hydration / Gastrointestinal,2026-06-09,44
2927,11,Ibuprofen 400mg,Analgesic / NSAID,2026-06-09,18
2928,12,Amlodipine 5mg,Antihypertensive,2026-06-09,26
2929,1,Paracetamol 650mg (Dolo),Analgesic / Antipyretic,2026-06-10,52
2930,2,Amoxicillin 500mg,Antibiotic,2026-06-10,24
2931,3,Metformin 500mg,Antidiabetic,2026-06-10,35
2932,4,Cetirizine 10mg,Antihistamine / Allergy,2026-06-10,19
2933,5,Azithromycin 500mg,Antibiotic,2026-06-10,12
2934,6,Atorvastatin 20mg,Cardiovascular,2026-06-10,28
2935,7,Pantoprazole 40mg,Antacid / Gastrointestinal,2026-06-10,33
2936,8,Cough Syrup 100ml (Ascoril),Respiratory / Antitussive,2026-06-10,27
2937,9,Insulin Glargine 100IU/ml,Antidiabetic / Injectable,2026-06-10,5
2938,10,ORS Electrolyte Powder Sachets,Hydration / Gastrointestinal,2026-06-10,40
2939,11,Ibuprofen 400mg,Analgesic / NSAID,2026-06-10,13
2940,12,Amlodipine 5mg,Antihypertensive,2026-06-10,23
2941,1,Paracetamol 650mg (Dolo),Analgesic / Antipyretic,2026-06-11,48
2942,2,Amoxicillin 500mg,Antibiotic,2026-06-11,18
2943,3,Metformin 500mg,Antidiabetic,2026-06-11,34
2944,4,Cetirizine 10mg,Antihistamine / Allergy,2026-06-11,20
2945,5,Azithromycin 500mg,Antibiotic,2026-06-11,14
2946,6,Atorvastatin 20mg,Cardiovascular,2026-06-11,19
2947,7,Pantoprazole 40mg,Antacid / Gastrointestinal,2026-06-11,28
2948,8,Cough Syrup 100ml (Ascoril),Respiratory / Antitussive,2026-06-11,9
2949,9,Insulin Glargine 100IU/ml,Antidiabetic / Injectable,2026-06-11,6
2950,10,ORS Electrolyte Powder Sachets,Hydration / Gastrointestinal,2026-06-11,29
2951,11,Ibuprofen 400mg,Analgesic / NSAID,2026-06-11,23
2952,12,Amlodipine 5mg,Antihypertensive,2026-06-11,29
2953,1,Paracetamol 650mg (Dolo),Analgesic / Antipyretic,2026-06-12,44
2954,2,Amoxicillin 500mg,Antibiotic,2026-06-12,25
2955,3,Metformin 500mg,Antidiabetic,2026-06-12,25
2956,4,Cetirizine 10mg,Antihistamine / Allergy,2026-06-12,28
2957,5,Azithromycin 500mg,Antibiotic,2026-06-12,15
2958,6,Atorvastatin 20mg,Cardiovascular,2026-06-12,23
2959,7,Pantoprazole 40mg,Antacid / Gastrointestinal,2026-06-12,34
2960,8,Cough Syrup 100ml (Ascoril),Respiratory / Antitussive,2026-06-12,17
2961,9,Insulin Glargine 100IU/ml,Antidiabetic / Injectable,2026-06-12,10
2962,10,ORS Electrolyte Powder Sachets,Hydration / Gastrointestinal,2026-06-12,37
2963,11,Ibuprofen 400mg,Analgesic / NSAID,2026-06-12,17
2964,12,Amlodipine 5mg,Antihypertensive,2026-06-12,20
2965,1,Paracetamol 650mg (Dolo),Analgesic / Antipyretic,2026-06-13,95
2966,2,Amoxicillin 500mg,Antibiotic,2026-06-13,22
2967,3,Metformin 500mg,Antidiabetic,2026-06-13,37
2968,4,Cetirizine 10mg,Antihistamine / Allergy,2026-06-13,22
2969,5,Azithromycin 500mg,Antibiotic,2026-06-13,11
2970,6,Atorvastatin 20mg,Cardiovascular,2026-06-13,29
2971,7,Pantoprazole 40mg,Antacid / Gastrointestinal,2026-06-13,21
2972,8,Cough Syrup 100ml (Ascoril),Respiratory / Antitussive,2026-06-13,24
2973,9,Insulin Glargine 100IU/ml,Antidiabetic / Injectable,2026-06-13,5
2974,10,ORS Electrolyte Powder Sachets,Hydration / Gastrointestinal,2026-06-13,66
2975,11,Ibuprofen 400mg,Analgesic / NSAID,2026-06-13,26
2976,12,Amlodipine 5mg,Antihypertensive,2026-06-13,30
2977,1,Paracetamol 650mg (Dolo),Analgesic / Antipyretic,2026-06-14,42
2978,2,Amoxicillin 500mg,Antibiotic,2026-06-14,14
2979,3,Metformin 500mg,Antidiabetic,2026-06-14,27
2980,4,Cetirizine 10mg,Antihistamine / Allergy,2026-06-14,18
2981,5,Azithromycin 500mg,Antibiotic,2026-06-14,12
2982,6,Atorvastatin 20mg,Cardiovascular,2026-06-14,25
2983,7,Pantoprazole 40mg,Antacid / Gastrointestinal,2026-06-14,26
2984,8,Cough Syrup 100ml (Ascoril),Respiratory / Antitussive,2026-06-14,18
2985,9,Insulin Glargine 100IU/ml,Antidiabetic / Injectable,2026-06-14,2
2986,10,ORS Electrolyte Powder Sachets,Hydration / Gastrointestinal,2026-06-14,29
2987,11,Ibuprofen 400mg,Analgesic / NSAID,2026-06-14,15
2988,12,Amlodipine 5mg,Antihypertensive,2026-06-14,21
2989,1,Paracetamol 650mg (Dolo),Analgesic / Antipyretic,2026-06-15,32
2990,2,Amoxicillin 500mg,Antibiotic,2026-06-15,28
2991,3,Metformin 500mg,Antidiabetic,2026-06-15,38
2992,4,Cetirizine 10mg,Antihistamine / Allergy,2026-06-15,23
2993,5,Azithromycin 500mg,Antibiotic,2026-06-15,13
2994,6,Atorvastatin 20mg,Cardiovascular,2026-06-15,23
2995,7,Pantoprazole 40mg,Antacid / Gastrointestinal,2026-06-15,23
2996,8,Cough Syrup 100ml (Ascoril),Respiratory / Antitussive,2026-06-15,21
2997,9,Insulin Glargine 100IU/ml,Antidiabetic / Injectable,2026-06-15,7
2998,10,ORS Electrolyte Powder Sachets,Hydration / Gastrointestinal,2026-06-15,32
2999,11,Ibuprofen 400mg,Analgesic / NSAID,2026-06-15,20
3000,12,Amlodipine 5mg,Antihypertensive,2026-06-15,24
3001,1,Paracetamol 650mg (Dolo),Analgesic / Antipyretic,2026-06-16,26
3002,2,Amoxicillin 500mg,Antibiotic,2026-06-16,16
3003,3,Metformin 500mg,Antidiabetic,2026-06-16,28
3004,4,Cetirizine 10mg,Antihistamine / Allergy,2026-06-16,28
3005,5,Azithromycin 500mg,Antibiotic,2026-06-16,15
3006,6,Atorvastatin 20mg,Cardiovascular,2026-06-16,18
3007,7,Pantoprazole 40mg,Antacid / Gastrointestinal,2026-06-16,31
3008,8,Cough Syrup 100ml (Ascoril),Respiratory / Antitussive,2026-06-16,15
3009,9,Insulin Glargine 100IU/ml,Antidiabetic / Injectable,2026-06-16,9
3010,10,ORS Electrolyte Powder Sachets,Hydration / Gastrointestinal,2026-06-16,38
3011,11,Ibuprofen 400mg,Analgesic / NSAID,2026-06-16,19
3012,12,Amlodipine 5mg,Antihypertensive,2026-06-16,31
3013,1,Paracetamol 650mg (Dolo),Analgesic / Antipyretic,2026-06-17,31
3014,2,Amoxicillin 500mg,Antibiotic,2026-06-17,14
3015,3,Metformin 500mg,Antidiabetic,2026-06-17,27
3016,4,Cetirizine 10mg,Antihistamine / Allergy,2026-06-17,25
3017,5,Azithromycin 500mg,Antibiotic,2026-06-17,10
3018,6,Atorvastatin 20mg,Cardiovascular,2026-06-17,12
3019,7,Pantoprazole 40mg,Antacid / Gastrointestinal,2026-06-17,26
3020,8,Cough Syrup 100ml (Ascoril),Respiratory / Antitussive,2026-06-17,23
3021,9,Insulin Glargine 100IU/ml,Antidiabetic / Injectable,2026-06-17,9
3022,10,ORS Electrolyte Powder Sachets,Hydration / Gastrointestinal,2026-06-17,38
3023,11,Ibuprofen 400mg,Analgesic / NSAID,2026-06-17,17
3024,12,Amlodipine 5mg,Antihypertensive,2026-06-17,30
3025,1,Paracetamol 650mg (Dolo),Analgesic / Antipyretic,2026-06-18,27
3026,2,Amoxicillin 500mg,Antibiotic,2026-06-18,17
3027,3,Metformin 500mg,Antidiabetic,2026-06-18,31
3028,4,Cetirizine 10mg,Antihistamine / Allergy,2026-06-18,23
3029,5,Azithromycin 500mg,Antibiotic,2026-06-18,12
3030,6,Atorvastatin 20mg,Cardiovascular,2026-06-18,24
3031,7,Pantoprazole 40mg,Antacid / Gastrointestinal,2026-06-18,15
3032,8,Cough Syrup 100ml (Ascoril),Respiratory / Antitussive,2026-06-18,19
3033,9,Insulin Glargine 100IU/ml,Antidiabetic / Injectable,2026-06-18,8
3034,10,ORS Electrolyte Powder Sachets,Hydration / Gastrointestinal,2026-06-18,34
3035,11,Ibuprofen 400mg,Analgesic / NSAID,2026-06-18,19
3036,12,Amlodipine 5mg,Antihypertensive,2026-06-18,27
3037,1,Paracetamol 650mg (Dolo),Analgesic / Antipyretic,2026-06-19,38
3038,2,Amoxicillin 500mg,Antibiotic,2026-06-19,19
3039,3,Metformin 500mg,Antidiabetic,2026-06-19,25
3040,4,Cetirizine 10mg,Antihistamine / Allergy,2026-06-19,20
3041,5,Azithromycin 500mg,Antibiotic,2026-06-19,16
3042,6,Atorvastatin 20mg,Cardiovascular,2026-06-19,25
3043,7,Pantoprazole 40mg,Antacid / Gastrointestinal,2026-06-19,25
3044,8,Cough Syrup 100ml (Ascoril),Respiratory / Antitussive,2026-06-19,22
3045,9,Insulin Glargine 100IU/ml,Antidiabetic / Injectable,2026-06-19,8
3046,10,ORS Electrolyte Powder Sachets,Hydration / Gastrointestinal,2026-06-19,26
3047,11,Ibuprofen 400mg,Analgesic / NSAID,2026-06-19,23
3048,12,Amlodipine 5mg,Antihypertensive,2026-06-19,23
3049,1,Paracetamol 650mg (Dolo),Analgesic / Antipyretic,2026-06-20,51
3050,2,Amoxicillin 500mg,Antibiotic,2026-06-20,26
3051,3,Metformin 500mg,Antidiabetic,2026-06-20,26
3052,4,Cetirizine 10mg,Antihistamine / Allergy,2026-06-20,21
3053,5,Azithromycin 500mg,Antibiotic,2026-06-20,14
3054,6,Atorvastatin 20mg,Cardiovascular,2026-06-20,24
3055,7,Pantoprazole 40mg,Antacid / Gastrointestinal,2026-06-20,43
3056,8,Cough Syrup 100ml (Ascoril),Respiratory / Antitussive,2026-06-20,21
3057,9,Insulin Glargine 100IU/ml,Antidiabetic / Injectable,2026-06-20,7
3058,10,ORS Electrolyte Powder Sachets,Hydration / Gastrointestinal,2026-06-20,50
3059,11,Ibuprofen 400mg,Analgesic / NSAID,2026-06-20,28
3060,12,Amlodipine 5mg,Antihypertensive,2026-06-20,27
3061,1,Paracetamol 650mg (Dolo),Analgesic / Antipyretic,2026-06-21,36
3062,2,Amoxicillin 500mg,Antibiotic,2026-06-21,14
3063,3,Metformin 500mg,Antidiabetic,2026-06-21,25
3064,4,Cetirizine 10mg,Antihistamine / Allergy,2026-06-21,16
3065,5,Azithromycin 500mg,Antibiotic,2026-06-21,8
3066,6,Atorvastatin 20mg,Cardiovascular,2026-06-21,21
3067,7,Pantoprazole 40mg,Antacid / Gastrointestinal,2026-06-21,31
3068,8,Cough Syrup 100ml (Ascoril),Respiratory / Antitussive,2026-06-21,18
3069,9,Insulin Glargine 100IU/ml,Antidiabetic / Injectable,2026-06-21,6
3070,10,ORS Electrolyte Powder Sachets,Hydration / Gastrointestinal,2026-06-21,39
3071,11,Ibuprofen 400mg,Analgesic / NSAID,2026-06-21,12
3072,12,Amlodipine 5mg,Antihypertensive,2026-06-21,27
3073,1,Paracetamol 650mg (Dolo),Analgesic / Antipyretic,2026-06-22,42
3074,2,Amoxicillin 500mg,Antibiotic,2026-06-22,39
3075,3,Metformin 500mg,Antidiabetic,2026-06-22,26
3076,4,Cetirizine 10mg,Antihistamine / Allergy,2026-06-22,28
3077,5,Azithromycin 500mg,Antibiotic,2026-06-22,15
3078,6,Atorvastatin 20mg,Cardiovascular,2026-06-22,26
3079,7,Pantoprazole 40mg,Antacid / Gastrointestinal,2026-06-22,29
3080,8,Cough Syrup 100ml (Ascoril),Respiratory / Antitussive,2026-06-22,20
3081,9,Insulin Glargine 100IU/ml,Antidiabetic / Injectable,2026-06-22,9
3082,10,ORS Electrolyte Powder Sachets,Hydration / Gastrointestinal,2026-06-22,43
3083,11,Ibuprofen 400mg,Analgesic / NSAID,2026-06-22,12
3084,12,Amlodipine 5mg,Antihypertensive,2026-06-22,20
3085,1,Paracetamol 650mg (Dolo),Analgesic / Antipyretic,2026-06-23,39
3086,2,Amoxicillin 500mg,Antibiotic,2026-06-23,19
3087,3,Metformin 500mg,Antidiabetic,2026-06-23,30
3088,4,Cetirizine 10mg,Antihistamine / Allergy,2026-06-23,26
3089,5,Azithromycin 500mg,Antibiotic,2026-06-23,9
3090,6,Atorvastatin 20mg,Cardiovascular,2026-06-23,25
3091,7,Pantoprazole 40mg,Antacid / Gastrointestinal,2026-06-23,19
3092,8,Cough Syrup 100ml (Ascoril),Respiratory / Antitussive,2026-06-23,24
3093,9,Insulin Glargine 100IU/ml,Antidiabetic / Injectable,2026-06-23,6
3094,10,ORS Electrolyte Powder Sachets,Hydration / Gastrointestinal,2026-06-23,45
3095,11,Ibuprofen 400mg,Analgesic / NSAID,2026-06-23,16
3096,12,Amlodipine 5mg,Antihypertensive,2026-06-23,31
3097,1,Paracetamol 650mg (Dolo),Analgesic / Antipyretic,2026-06-24,48
3098,2,Amoxicillin 500mg,Antibiotic,2026-06-24,20
3099,3,Metformin 500mg,Antidiabetic,2026-06-24,29
3100,4,Cetirizine 10mg,Antihistamine / Allergy,2026-06-24,23
3101,5,Azithromycin 500mg,Antibiotic,2026-06-24,12
3102,6,Atorvastatin 20mg,Cardiovascular,2026-06-24,28
3103,7,Pantoprazole 40mg,Antacid / Gastrointestinal,2026-06-24,37
3104,8,Cough Syrup 100ml (Ascoril),Respiratory / Antitussive,2026-06-24,25
3105,9,Insulin Glargine 100IU/ml,Antidiabetic / Injectable,2026-06-24,5
3106,10,ORS Electrolyte Powder Sachets,Hydration / Gastrointestinal,2026-06-24,45
3107,11,Ibuprofen 400mg,Analgesic / NSAID,2026-06-24,14
3108,12,Amlodipine 5mg,Antihypertensive,2026-06-24,28
3109,1,Paracetamol 650mg (Dolo),Analgesic / Antipyretic,2026-06-25,44
3110,2,Amoxicillin 500mg,Antibiotic,2026-06-25,12
3111,3,Metformin 500mg,Antidiabetic,2026-06-25,24
3112,4,Cetirizine 10mg,Antihistamine / Allergy,2026-06-25,20
3113,5,Azithromycin 500mg,Antibiotic,2026-06-25,13
3114,6,Atorvastatin 20mg,Cardiovascular,2026-06-25,31
3115,7,Pantoprazole 40mg,Antacid / Gastrointestinal,2026-06-25,30
3116,8,Cough Syrup 100ml (Ascoril),Respiratory / Antitussive,2026-06-25,22
3117,9,Insulin Glargine 100IU/ml,Antidiabetic / Injectable,2026-06-25,6
3118,10,ORS Electrolyte Powder Sachets,Hydration / Gastrointestinal,2026-06-25,36
3119,11,Ibuprofen 400mg,Analgesic / NSAID,2026-06-25,23
3120,12,Amlodipine 5mg,Antihypertensive,2026-06-25,33
3121,1,Paracetamol 650mg (Dolo),Analgesic / Antipyretic,2026-06-26,37
3122,2,Amoxicillin 500mg,Antibiotic,2026-06-26,16
3123,3,Metformin 500mg,Antidiabetic,2026-06-26,33
3124,4,Cetirizine 10mg,Antihistamine / Allergy,2026-06-26,20
3125,5,Azithromycin 500mg,Antibiotic,2026-06-26,13
3126,6,Atorvastatin 20mg,Cardiovascular,2026-06-26,27
3127,7,Pantoprazole 40mg,Antacid / Gastrointestinal,2026-06-26,18
3128,8,Cough Syrup 100ml (Ascoril),Respiratory / Antitussive,2026-06-26,26
3129,9,Insulin Glargine 100IU/ml,Antidiabetic / Injectable,2026-06-26,7
3130,10,ORS Electrolyte Powder Sachets,Hydration / Gastrointestinal,2026-06-26,39
3131,11,Ibuprofen 400mg,Analgesic / NSAID,2026-06-26,19
3132,12,Amlodipine 5mg,Antihypertensive,2026-06-26,25
3133,1,Paracetamol 650mg (Dolo),Analgesic / Antipyretic,2026-06-27,32
3134,2,Amoxicillin 500mg,Antibiotic,2026-06-27,26
3135,3,Metformin 500mg,Antidiabetic,2026-06-27,41
3136,4,Cetirizine 10mg,Antihistamine / Allergy,2026-06-27,26
3137,5,Azithromycin 500mg,Antibiotic,2026-06-27,18
3138,6,Atorvastatin 20mg,Cardiovascular,2026-06-27,26
3139,7,Pantoprazole 40mg,Antacid / Gastrointestinal,2026-06-27,35
3140,8,Cough Syrup 100ml (Ascoril),Respiratory / Antitussive,2026-06-27,23
3141,9,Insulin Glargine 100IU/ml,Antidiabetic / Injectable,2026-06-27,11
3142,10,ORS Electrolyte Powder Sachets,Hydration / Gastrointestinal,2026-06-27,30
3143,11,Ibuprofen 400mg,Analgesic / NSAID,2026-06-27,25
3144,12,Amlodipine 5mg,Antihypertensive,2026-06-27,30
3145,1,Paracetamol 650mg (Dolo),Analgesic / Antipyretic,2026-06-28,60
3146,2,Amoxicillin 500mg,Antibiotic,2026-06-28,16
3147,3,Metformin 500mg,Antidiabetic,2026-06-28,25
3148,4,Cetirizine 10mg,Antihistamine / Allergy,2026-06-28,15
3149,5,Azithromycin 500mg,Antibiotic,2026-06-28,11
3150,6,Atorvastatin 20mg,Cardiovascular,2026-06-28,19
3151,7,Pantoprazole 40mg,Antacid / Gastrointestinal,2026-06-28,27
3152,8,Cough Syrup 100ml (Ascoril),Respiratory / Antitussive,2026-06-28,16
3153,9,Insulin Glargine 100IU/ml,Antidiabetic / Injectable,2026-06-28,1
3154,10,ORS Electrolyte Powder Sachets,Hydration / Gastrointestinal,2026-06-28,32
3155,11,Ibuprofen 400mg,Analgesic / NSAID,2026-06-28,15
3156,12,Amlodipine 5mg,Antihypertensive,2026-06-28,17
3157,1,Paracetamol 650mg (Dolo),Analgesic / Antipyretic,2026-06-29,31
3158,2,Amoxicillin 500mg,Antibiotic,2026-06-29,18
3159,3,Metformin 500mg,Antidiabetic,2026-06-29,43
3160,4,Cetirizine 10mg,Antihistamine / Allergy,2026-06-29,22
3161,5,Azithromycin 500mg,Antibiotic,2026-06-29,11
3162,6,Atorvastatin 20mg,Cardiovascular,2026-06-29,30
3163,7,Pantoprazole 40mg,Antacid / Gastrointestinal,2026-06-29,26
3164,8,Cough Syrup 100ml (Ascoril),Respiratory / Antitussive,2026-06-29,18
3165,9,Insulin Glargine 100IU/ml,Antidiabetic / Injectable,2026-06-29,5
3166,10,ORS Electrolyte Powder Sachets,Hydration / Gastrointestinal,2026-06-29,29
3167,11,Ibuprofen 400mg,Analgesic / NSAID,2026-06-29,20
3168,12,Amlodipine 5mg,Antihypertensive,2026-06-29,30
3169,1,Paracetamol 650mg (Dolo),Analgesic / Antipyretic,2026-06-30,40
3170,2,Amoxicillin 500mg,Antibiotic,2026-06-30,16
3171,3,Metformin 500mg,Antidiabetic,2026-06-30,29
3172,4,Cetirizine 10mg,Antihistamine / Allergy,2026-06-30,23
3173,5,Azithromycin 500mg,Antibiotic,2026-06-30,10
3174,6,Atorvastatin 20mg,Cardiovascular,2026-06-30,32
3175,7,Pantoprazole 40mg,Antacid / Gastrointestinal,2026-06-30,23
3176,8,Cough Syrup 100ml (Ascoril),Respiratory / Antitussive,2026-06-30,18
3177,9,Insulin Glargine 100IU/ml,Antidiabetic / Injectable,2026-06-30,5
3178,10,ORS Electrolyte Powder Sachets,Hydration / Gastrointestinal,2026-06-30,38
3179,11,Ibuprofen 400mg,Analgesic / NSAID,2026-06-30,26
3180,12,Amlodipine 5mg,Antihypertensive,2026-06-30,32
3181,1,Paracetamol 650mg (Dolo),Analgesic / Antipyretic,2026-07-01,58
3182,2,Amoxicillin 500mg,Antibiotic,2026-07-01,19
3183,3,Metformin 500mg,Antidiabetic,2026-07-01,28
3184,4,Cetirizine 10mg,Antihistamine / Allergy,2026-07-01,24
3185,5,Azithromycin 500mg,Antibiotic,2026-07-01,11
3186,6,Atorvastatin 20mg,Cardiovascular,2026-07-01,34
3187,7,Pantoprazole 40mg,Antacid / Gastrointestinal,2026-07-01,22
3188,8,Cough Syrup 100ml (Ascoril),Respiratory / Antitussive,2026-07-01,30
3189,9,Insulin Glargine 100IU/ml,Antidiabetic / Injectable,2026-07-01,9
3190,10,ORS Electrolyte Powder Sachets,Hydration / Gastrointestinal,2026-07-01,37
3191,11,Ibuprofen 400mg,Analgesic / NSAID,2026-07-01,20
3192,12,Amlodipine 5mg,Antihypertensive,2026-07-01,33
3193,1,Paracetamol 650mg (Dolo),Analgesic / Antipyretic,2026-07-02,69
3194,2,Amoxicillin 500mg,Antibiotic,2026-07-02,15
3195,3,Metformin 500mg,Antidiabetic,2026-07-02,25
3196,4,Cetirizine 10mg,Antihistamine / Allergy,2026-07-02,17
3197,5,Azithromycin 500mg,Antibiotic,2026-07-02,15
3198,6,Atorvastatin 20mg,Cardiovascular,2026-07-02,18
3199,7,Pantoprazole 40mg,Antacid / Gastrointestinal,2026-07-02,26
3200,8,Cough Syrup 100ml (Ascoril),Respiratory / Antitussive,2026-07-02,28
3201,9,Insulin Glargine 100IU/ml,Antidiabetic / Injectable,2026-07-02,8
3202,10,ORS Electrolyte Powder Sachets,Hydration / Gastrointestinal,2026-07-02,30
3203,11,Ibuprofen 400mg,Analgesic / NSAID,2026-07-02,23
3204,12,Amlodipine 5mg,Antihypertensive,2026-07-02,36
3205,1,Paracetamol 650mg (Dolo),Analgesic / Antipyretic,2026-07-03,40
3206,2,Amoxicillin 500mg,Antibiotic,2026-07-03,15
3207,3,Metformin 500mg,Antidiabetic,2026-07-03,30
3208,4,Cetirizine 10mg,Antihistamine / Allergy,2026-07-03,29
3209,5,Azithromycin 500mg,Antibiotic,2026-07-03,16
3210,6,Atorvastatin 20mg,Cardiovascular,2026-07-03,30
3211,7,Pantoprazole 40mg,Antacid / Gastrointestinal,2026-07-03,34
3212,8,Cough Syrup 100ml (Ascoril),Respiratory / Antitussive,2026-07-03,20
3213,9,Insulin Glargine 100IU/ml,Antidiabetic / Injectable,2026-07-03,11
3214,10,ORS Electrolyte Powder Sachets,Hydration / Gastrointestinal,2026-07-03,36
3215,11,Ibuprofen 400mg,Analgesic / NSAID,2026-07-03,25
3216,12,Amlodipine 5mg,Antihypertensive,2026-07-03,38
3217,1,Paracetamol 650mg (Dolo),Analgesic / Antipyretic,2026-07-04,40
3218,2,Amoxicillin 500mg,Antibiotic,2026-07-04,18
3219,3,Metformin 500mg,Antidiabetic,2026-07-04,35
3220,4,Cetirizine 10mg,Antihistamine / Allergy,2026-07-04,33
3221,5,Azithromycin 500mg,Antibiotic,2026-07-04,13
3222,6,Atorvastatin 20mg,Cardiovascular,2026-07-04,37
3223,7,Pantoprazole 40mg,Antacid / Gastrointestinal,2026-07-04,41
3224,8,Cough Syrup 100ml (Ascoril),Respiratory / Antitussive,2026-07-04,33
3225,9,Insulin Glargine 100IU/ml,Antidiabetic / Injectable,2026-07-04,10
3226,10,ORS Electrolyte Powder Sachets,Hydration / Gastrointestinal,2026-07-04,26
3227,11,Ibuprofen 400mg,Analgesic / NSAID,2026-07-04,21
3228,12,Amlodipine 5mg,Antihypertensive,2026-07-04,41
3229,1,Paracetamol 650mg (Dolo),Analgesic / Antipyretic,2026-07-05,46
3230,2,Amoxicillin 500mg,Antibiotic,2026-07-05,14
3231,3,Metformin 500mg,Antidiabetic,2026-07-05,27
3232,4,Cetirizine 10mg,Antihistamine / Allergy,2026-07-05,13
3233,5,Azithromycin 500mg,Antibiotic,2026-07-05,8
3234,6,Atorvastatin 20mg,Cardiovascular,2026-07-05,31
3235,7,Pantoprazole 40mg,Antacid / Gastrointestinal,2026-07-05,18
3236,8,Cough Syrup 100ml (Ascoril),Respiratory / Antitussive,2026-07-05,22
3237,9,Insulin Glargine 100IU/ml,Antidiabetic / Injectable,2026-07-05,8
3238,10,ORS Electrolyte Powder Sachets,Hydration / Gastrointestinal,2026-07-05,18
3239,11,Ibuprofen 400mg,Analgesic / NSAID,2026-07-05,19
3240,12,Amlodipine 5mg,Antihypertensive,2026-07-05,28
3241,1,Paracetamol 650mg (Dolo),Analgesic / Antipyretic,2026-07-06,49
3242,2,Amoxicillin 500mg,Antibiotic,2026-07-06,26
3243,3,Metformin 500mg,Antidiabetic,2026-07-06,21
3244,4,Cetirizine 10mg,Antihistamine / Allergy,2026-07-06,30
3245,5,Azithromycin 500mg,Antibiotic,2026-07-06,12
3246,6,Atorvastatin 20mg,Cardiovascular,2026-07-06,27
3247,7,Pantoprazole 40mg,Antacid / Gastrointestinal,2026-07-06,50
3248,8,Cough Syrup 100ml (Ascoril),Respiratory / Antitussive,2026-07-06,22
3249,9,Insulin Glargine 100IU/ml,Antidiabetic / Injectable,2026-07-06,7
3250,10,ORS Electrolyte Powder Sachets,Hydration / Gastrointestinal,2026-07-06,18
3251,11,Ibuprofen 400mg,Analgesic / NSAID,2026-07-06,21
3252,12,Amlodipine 5mg,Antihypertensive,2026-07-06,26
3253,1,Paracetamol 650mg (Dolo),Analgesic / Antipyretic,2026-07-07,55
3254,2,Amoxicillin 500mg,Antibiotic,2026-07-07,20
3255,3,Metformin 500mg,Antidiabetic,2026-07-07,32
3256,4,Cetirizine 10mg,Antihistamine / Allergy,2026-07-07,26
3257,5,Azithromycin 500mg,Antibiotic,2026-07-07,11
3258,6,Atorvastatin 20mg,Cardiovascular,2026-07-07,21
3259,7,Pantoprazole 40mg,Antacid / Gastrointestinal,2026-07-07,34
3260,8,Cough Syrup 100ml (Ascoril),Respiratory / Antitussive,2026-07-07,32
3261,9,Insulin Glargine 100IU/ml,Antidiabetic / Injectable,2026-07-07,6
3262,10,ORS Electrolyte Powder Sachets,Hydration / Gastrointestinal,2026-07-07,28
3263,11,Ibuprofen 400mg,Analgesic / NSAID,2026-07-07,16
3264,12,Amlodipine 5mg,Antihypertensive,2026-07-07,30
3265,1,Paracetamol 650mg (Dolo),Analgesic / Antipyretic,2026-07-08,55
3266,2,Amoxicillin 500mg,Antibiotic,2026-07-08,22
3267,3,Metformin 500mg,Antidiabetic,2026-07-08,25
3268,4,Cetirizine 10mg,Antihistamine / Allergy,2026-07-08,23
3269,5,Azithromycin 500mg,Antibiotic,2026-07-08,15
3270,6,Atorvastatin 20mg,Cardiovascular,2026-07-08,27
3271,7,Pantoprazole 40mg,Antacid / Gastrointestinal,2026-07-08,27
3272,8,Cough Syrup 100ml (Ascoril),Respiratory / Antitussive,2026-07-08,21
3273,9,Insulin Glargine 100IU/ml,Antidiabetic / Injectable,2026-07-08,8
3274,10,ORS Electrolyte Powder Sachets,Hydration / Gastrointestinal,2026-07-08,31
3275,11,Ibuprofen 400mg,Analgesic / NSAID,2026-07-08,16
3276,12,Amlodipine 5mg,Antihypertensive,2026-07-08,31
3277,1,Paracetamol 650mg (Dolo),Analgesic / Antipyretic,2026-07-09,59
3278,2,Amoxicillin 500mg,Antibiotic,2026-07-09,17
3279,3,Metformin 500mg,Antidiabetic,2026-07-09,31
3280,4,Cetirizine 10mg,Antihistamine / Allergy,2026-07-09,28
3281,5,Azithromycin 500mg,Antibiotic,2026-07-09,11
3282,6,Atorvastatin 20mg,Cardiovascular,2026-07-09,24
3283,7,Pantoprazole 40mg,Antacid / Gastrointestinal,2026-07-09,17
3284,8,Cough Syrup 100ml (Ascoril),Respiratory / Antitussive,2026-07-09,30
3285,9,Insulin Glargine 100IU/ml,Antidiabetic / Injectable,2026-07-09,4
3286,10,ORS Electrolyte Powder Sachets,Hydration / Gastrointestinal,2026-07-09,35
3287,11,Ibuprofen 400mg,Analgesic / NSAID,2026-07-09,18
3288,12,Amlodipine 5mg,Antihypertensive,2026-07-09,24
3289,1,Paracetamol 650mg (Dolo),Analgesic / Antipyretic,2026-07-10,43
3290,2,Amoxicillin 500mg,Antibiotic,2026-07-10,16
3291,3,Metformin 500mg,Antidiabetic,2026-07-10,38
3292,4,Cetirizine 10mg,Antihistamine / Allergy,2026-07-10,14
3293,5,Azithromycin 500mg,Antibiotic,2026-07-10,16
3294,6,Atorvastatin 20mg,Cardiovascular,2026-07-10,25
3295,7,Pantoprazole 40mg,Antacid / Gastrointestinal,2026-07-10,22
3296,8,Cough Syrup 100ml (Ascoril),Respiratory / Antitussive,2026-07-10,20
3297,9,Insulin Glargine 100IU/ml,Antidiabetic / Injectable,2026-07-10,10
3298,10,ORS Electrolyte Powder Sachets,Hydration / Gastrointestinal,2026-07-10,23
3299,11,Ibuprofen 400mg,Analgesic / NSAID,2026-07-10,15
3300,12,Amlodipine 5mg,Antihypertensive,2026-07-10,30
3301,1,Paracetamol 650mg (Dolo),Analgesic / Antipyretic,2026-07-11,60
3302,2,Amoxicillin 500mg,Antibiotic,2026-07-11,16
3303,3,Metformin 500mg,Antidiabetic,2026-07-11,36
3304,4,Cetirizine 10mg,Antihistamine / Allergy,2026-07-11,24
3305,5,Azithromycin 500mg,Antibiotic,2026-07-11,18
3306,6,Atorvastatin 20mg,Cardiovascular,2026-07-11,33
3307,7,Pantoprazole 40mg,Antacid / Gastrointestinal,2026-07-11,36
3308,8,Cough Syrup 100ml (Ascoril),Respiratory / Antitussive,2026-07-11,31
3309,9,Insulin Glargine 100IU/ml,Antidiabetic / Injectable,2026-07-11,11
3310,10,ORS Electrolyte Powder Sachets,Hydration / Gastrointestinal,2026-07-11,32
3311,11,Ibuprofen 400mg,Analgesic / NSAID,2026-07-11,17
3312,12,Amlodipine 5mg,Antihypertensive,2026-07-11,31
3313,1,Paracetamol 650mg (Dolo),Analgesic / Antipyretic,2026-07-12,56
3314,2,Amoxicillin 500mg,Antibiotic,2026-07-12,11
3315,3,Metformin 500mg,Antidiabetic,2026-07-12,23
3316,4,Cetirizine 10mg,Antihistamine / Allergy,2026-07-12,23
3317,5,Azithromycin 500mg,Antibiotic,2026-07-12,11
3318,6,Atorvastatin 20mg,Cardiovascular,2026-07-12,16
3319,7,Pantoprazole 40mg,Antacid / Gastrointestinal,2026-07-12,28
3320,8,Cough Syrup 100ml (Ascoril),Respiratory / Antitussive,2026-07-12,30
3321,9,Insulin Glargine 100IU/ml,Antidiabetic / Injectable,2026-07-12,6
3322,10,ORS Electrolyte Powder Sachets,Hydration / Gastrointestinal,2026-07-12,19
3323,11,Ibuprofen 400mg,Analgesic / NSAID,2026-07-12,11
3324,12,Amlodipine 5mg,Antihypertensive,2026-07-12,22
3325,1,Paracetamol 650mg (Dolo),Analgesic / Antipyretic,2026-07-13,59
3326,2,Amoxicillin 500mg,Antibiotic,2026-07-13,18
3327,3,Metformin 500mg,Antidiabetic,2026-07-13,30
3328,4,Cetirizine 10mg,Antihistamine / Allergy,2026-07-13,22
3329,5,Azithromycin 500mg,Antibiotic,2026-07-13,11
3330,6,Atorvastatin 20mg,Cardiovascular,2026-07-13,28
3331,7,Pantoprazole 40mg,Antacid / Gastrointestinal,2026-07-13,33
3332,8,Cough Syrup 100ml (Ascoril),Respiratory / Antitussive,2026-07-13,18
3333,9,Insulin Glargine 100IU/ml,Antidiabetic / Injectable,2026-07-13,10
3334,10,ORS Electrolyte Powder Sachets,Hydration / Gastrointestinal,2026-07-13,31
3335,11,Ibuprofen 400mg,Analgesic / NSAID,2026-07-13,24
3336,12,Amlodipine 5mg,Antihypertensive,2026-07-13,19
3337,1,Paracetamol 650mg (Dolo),Analgesic / Antipyretic,2026-07-14,37
3338,2,Amoxicillin 500mg,Antibiotic,2026-07-14,16
3339,3,Metformin 500mg,Antidiabetic,2026-07-14,33
3340,4,Cetirizine 10mg,Antihistamine / Allergy,2026-07-14,34
3341,5,Azithromycin 500mg,Antibiotic,2026-07-14,16
3342,6,Atorvastatin 20mg,Cardiovascular,2026-07-14,23
3343,7,Pantoprazole 40mg,Antacid / Gastrointestinal,2026-07-14,23
3344,8,Cough Syrup 100ml (Ascoril),Respiratory / Antitussive,2026-07-14,31
3345,9,Insulin Glargine 100IU/ml,Antidiabetic / Injectable,2026-07-14,5
3346,10,ORS Electrolyte Powder Sachets,Hydration / Gastrointestinal,2026-07-14,36
3347,11,Ibuprofen 400mg,Analgesic / NSAID,2026-07-14,18
3348,12,Amlodipine 5mg,Antihypertensive,2026-07-14,32
3349,1,Paracetamol 650mg (Dolo),Analgesic / Antipyretic,2026-07-15,55
3350,2,Amoxicillin 500mg,Antibiotic,2026-07-15,16
3351,3,Metformin 500mg,Antidiabetic,2026-07-15,27
3352,4,Cetirizine 10mg,Antihistamine / Allergy,2026-07-15,24
3353,5,Azithromycin 500mg,Antibiotic,2026-07-15,14
3354,6,Atorvastatin 20mg,Cardiovascular,2026-07-15,24
3355,7,Pantoprazole 40mg,Antacid / Gastrointestinal,2026-07-15,25
3356,8,Cough Syrup 100ml (Ascoril),Respiratory / Antitussive,2026-07-15,25
3357,9,Insulin Glargine 100IU/ml,Antidiabetic / Injectable,2026-07-15,7
3358,10,ORS Electrolyte Powder Sachets,Hydration / Gastrointestinal,2026-07-15,17
3359,11,Ibuprofen 400mg,Analgesic / NSAID,2026-07-15,20
3360,12,Amlodipine 5mg,Antihypertensive,2026-07-15,21
3361,1,Paracetamol 650mg (Dolo),Analgesic / Antipyretic,2026-07-16,39
3362,2,Amoxicillin 500mg,Antibiotic,2026-07-16,11
3363,3,Metformin 500mg,Antidiabetic,2026-07-16,20
3364,4,Cetirizine 10mg,Antihistamine / Allergy,2026-07-16,19
3365,5,Azithromycin 500mg,Antibiotic,2026-07-16,11
3366,6,Atorvastatin 20mg,Cardiovascular,2026-07-16,33
3367,7,Pantoprazole 40mg,Antacid / Gastrointestinal,2026-07-16,25
3368,8,Cough Syrup 100ml (Ascoril),Respiratory / Antitussive,2026-07-16,26
3369,9,Insulin Glargine 100IU/ml,Antidiabetic / Injectable,2026-07-16,7
3370,10,ORS Electrolyte Powder Sachets,Hydration / Gastrointestinal,2026-07-16,28
3371,11,Ibuprofen 400mg,Analgesic / NSAID,2026-07-16,19
3372,12,Amlodipine 5mg,Antihypertensive,2026-07-16,20
3373,1,Paracetamol 650mg (Dolo),Analgesic / Antipyretic,2026-07-17,62
3374,2,Amoxicillin 500mg,Antibiotic,2026-07-17,22
3375,3,Metformin 500mg,Antidiabetic,2026-07-17,35
3376,4,Cetirizine 10mg,Antihistamine / Allergy,2026-07-17,20
3377,5,Azithromycin 500mg,Antibiotic,2026-07-17,13
3378,6,Atorvastatin 20mg,Cardiovascular,2026-07-17,20
3379,7,Pantoprazole 40mg,Antacid / Gastrointestinal,2026-07-17,31
3380,8,Cough Syrup 100ml (Ascoril),Respiratory / Antitussive,2026-07-17,22
3381,9,Insulin Glargine 100IU/ml,Antidiabetic / Injectable,2026-07-17,11
3382,10,ORS Electrolyte Powder Sachets,Hydration / Gastrointestinal,2026-07-17,34
3383,11,Ibuprofen 400mg,Analgesic / NSAID,2026-07-17,20
3384,12,Amlodipine 5mg,Antihypertensive,2026-07-17,30
3385,1,Paracetamol 650mg (Dolo),Analgesic / Antipyretic,2026-07-18,68
3386,2,Amoxicillin 500mg,Antibiotic,2026-07-18,17
3387,3,Metformin 500mg,Antidiabetic,2026-07-18,30
3388,4,Cetirizine 10mg,Antihistamine / Allergy,2026-07-18,30
3389,5,Azithromycin 500mg,Antibiotic,2026-07-18,17
3390,6,Atorvastatin 20mg,Cardiovascular,2026-07-18,29
3391,7,Pantoprazole 40mg,Antacid / Gastrointestinal,2026-07-18,23
3392,8,Cough Syrup 100ml (Ascoril),Respiratory / Antitussive,2026-07-18,25
3393,9,Insulin Glargine 100IU/ml,Antidiabetic / Injectable,2026-07-18,8
3394,10,ORS Electrolyte Powder Sachets,Hydration / Gastrointestinal,2026-07-18,32
3395,11,Ibuprofen 400mg,Analgesic / NSAID,2026-07-18,30
3396,12,Amlodipine 5mg,Antihypertensive,2026-07-18,22
3397,1,Paracetamol 650mg (Dolo),Analgesic / Antipyretic,2026-07-19,44
3398,2,Amoxicillin 500mg,Antibiotic,2026-07-19,17
3399,3,Metformin 500mg,Antidiabetic,2026-07-19,35
3400,4,Cetirizine 10mg,Antihistamine / Allergy,2026-07-19,19
3401,5,Azithromycin 500mg,Antibiotic,2026-07-19,12
3402,6,Atorvastatin 20mg,Cardiovascular,2026-07-19,22
3403,7,Pantoprazole 40mg,Antacid / Gastrointestinal,2026-07-19,24
3404,8,Cough Syrup 100ml (Ascoril),Respiratory / Antitussive,2026-07-19,21
3405,9,Insulin Glargine 100IU/ml,Antidiabetic / Injectable,2026-07-19,6
3406,10,ORS Electrolyte Powder Sachets,Hydration / Gastrointestinal,2026-07-19,12
3407,11,Ibuprofen 400mg,Analgesic / NSAID,2026-07-19,18
3408,12,Amlodipine 5mg,Antihypertensive,2026-07-19,21
3409,1,Paracetamol 650mg (Dolo),Analgesic / Antipyretic,2026-07-20,47
3410,2,Amoxicillin 500mg,Antibiotic,2026-07-20,23
3411,3,Metformin 500mg,Antidiabetic,2026-07-20,26
3412,4,Cetirizine 10mg,Antihistamine / Allergy,2026-07-20,23
3413,5,Azithromycin 500mg,Antibiotic,2026-07-20,18
3414,6,Atorvastatin 20mg,Cardiovascular,2026-07-20,20
3415,7,Pantoprazole 40mg,Antacid / Gastrointestinal,2026-07-20,25
3416,8,Cough Syrup 100ml (Ascoril),Respiratory / Antitussive,2026-07-20,25
3417,9,Insulin Glargine 100IU/ml,Antidiabetic / Injectable,2026-07-20,8
3418,10,ORS Electrolyte Powder Sachets,Hydration / Gastrointestinal,2026-07-20,29
3419,11,Ibuprofen 400mg,Analgesic / NSAID,2026-07-20,14
3420,12,Amlodipine 5mg,Antihypertensive,2026-07-20,23
3421,1,Paracetamol 650mg (Dolo),Analgesic / Antipyretic,2026-07-21,43
3422,2,Amoxicillin 500mg,Antibiotic,2026-07-21,16
3423,3,Metformin 500mg,Antidiabetic,2026-07-21,32
3424,4,Cetirizine 10mg,Antihistamine / Allergy,2026-07-21,27
3425,5,Azithromycin 500mg,Antibiotic,2026-07-21,9
3426,6,Atorvastatin 20mg,Cardiovascular,2026-07-21,29
3427,7,Pantoprazole 40mg,Antacid / Gastrointestinal,2026-07-21,49
3428,8,Cough Syrup 100ml (Ascoril),Respiratory / Antitussive,2026-07-21,32
3429,9,Insulin Glargine 100IU/ml,Antidiabetic / Injectable,2026-07-21,8
3430,10,ORS Electrolyte Powder Sachets,Hydration / Gastrointestinal,2026-07-21,33
3431,11,Ibuprofen 400mg,Analgesic / NSAID,2026-07-21,21
3432,12,Amlodipine 5mg,Antihypertensive,2026-07-21,31
3433,1,Paracetamol 650mg (Dolo),Analgesic / Antipyretic,2026-07-22,53
3434,2,Amoxicillin 500mg,Antibiotic,2026-07-22,16
3435,3,Metformin 500mg,Antidiabetic,2026-07-22,43
3436,4,Cetirizine 10mg,Antihistamine / Allergy,2026-07-22,29
3437,5,Azithromycin 500mg,Antibiotic,2026-07-22,16
3438,6,Atorvastatin 20mg,Cardiovascular,2026-07-22,18
3439,7,Pantoprazole 40mg,Antacid / Gastrointestinal,2026-07-22,21
3440,8,Cough Syrup 100ml (Ascoril),Respiratory / Antitussive,2026-07-22,27
3441,9,Insulin Glargine 100IU/ml,Antidiabetic / Injectable,2026-07-22,7
3442,10,ORS Electrolyte Powder Sachets,Hydration / Gastrointestinal,2026-07-22,25
3443,11,Ibuprofen 400mg,Analgesic / NSAID,2026-07-22,19
3444,12,Amlodipine 5mg,Antihypertensive,2026-07-22,32
3445,1,Paracetamol 650mg (Dolo),Analgesic / Antipyretic,2026-07-23,55
3446,2,Amoxicillin 500mg,Antibiotic,2026-07-23,13
3447,3,Metformin 500mg,Antidiabetic,2026-07-23,29
3448,4,Cetirizine 10mg,Antihistamine / Allergy,2026-07-23,21
3449,5,Azithromycin 500mg,Antibiotic,2026-07-23,13
3450,6,Atorvastatin 20mg,Cardiovascular,2026-07-23,22
3451,7,Pantoprazole 40mg,Antacid / Gastrointestinal,2026-07-23,26
3452,8,Cough Syrup 100ml (Ascoril),Respiratory / Antitussive,2026-07-23,33
3453,9,Insulin Glargine 100IU/ml,Antidiabetic / Injectable,2026-07-23,6
3454,10,ORS Electrolyte Powder Sachets,Hydration / Gastrointestinal,2026-07-23,25
3455,11,Ibuprofen 400mg,Analgesic / NSAID,2026-07-23,9
3456,12,Amlodipine 5mg,Antihypertensive,2026-07-23,34
3457,1,Paracetamol 650mg (Dolo),Analgesic / Antipyretic,2026-07-24,59
3458,2,Amoxicillin 500mg,Antibiotic,2026-07-24,15
3459,3,Metformin 500mg,Antidiabetic,2026-07-24,30
3460,4,Cetirizine 10mg,Antihistamine / Allergy,2026-07-24,20
3461,5,Azithromycin 500mg,Antibiotic,2026-07-24,19
3462,6,Atorvastatin 20mg,Cardiovascular,2026-07-24,32
3463,7,Pantoprazole 40mg,Antacid / Gastrointestinal,2026-07-24,29
3464,8,Cough Syrup 100ml (Ascoril),Respiratory / Antitussive,2026-07-24,30
3465,9,Insulin Glargine 100IU/ml,Antidiabetic / Injectable,2026-07-24,7
3466,10,ORS Electrolyte Powder Sachets,Hydration / Gastrointestinal,2026-07-24,21
3467,11,Ibuprofen 400mg,Analgesic / NSAID,2026-07-24,17
3468,12,Amlodipine 5mg,Antihypertensive,2026-07-24,26
3469,1,Paracetamol 650mg (Dolo),Analgesic / Antipyretic,2026-07-25,52
3470,2,Amoxicillin 500mg,Antibiotic,2026-07-25,19
3471,3,Metformin 500mg,Antidiabetic,2026-07-25,34
3472,4,Cetirizine 10mg,Antihistamine / Allergy,2026-07-25,29
3473,5,Azithromycin 500mg,Antibiotic,2026-07-25,15
3474,6,Atorvastatin 20mg,Cardiovascular,2026-07-25,22
3475,7,Pantoprazole 40mg,Antacid / Gastrointestinal,2026-07-25,28
3476,8,Cough Syrup 100ml (Ascoril),Respiratory / Antitussive,2026-07-25,23
3477,9,Insulin Glargine 100IU/ml,Antidiabetic / Injectable,2026-07-25,16
3478,10,ORS Electrolyte Powder Sachets,Hydration / Gastrointestinal,2026-07-25,20
3479,11,Ibuprofen 400mg,Analgesic / NSAID,2026-07-25,27
3480,12,Amlodipine 5mg,Antihypertensive,2026-07-25,36
3481,1,Paracetamol 650mg (Dolo),Analgesic / Antipyretic,2026-07-26,38
3482,2,Amoxicillin 500mg,Antibiotic,2026-07-26,7
3483,3,Metformin 500mg,Antidiabetic,2026-07-26,23
3484,4,Cetirizine 10mg,Antihistamine / Allergy,2026-07-26,21
3485,5,Azithromycin 500mg,Antibiotic,2026-07-26,8
3486,6,Atorvastatin 20mg,Cardiovascular,2026-07-26,18
3487,7,Pantoprazole 40mg,Antacid / Gastrointestinal,2026-07-26,30
3488,8,Cough Syrup 100ml (Ascoril),Respiratory / Antitussive,2026-07-26,24
3489,9,Insulin Glargine 100IU/ml,Antidiabetic / Injectable,2026-07-26,4
3490,10,ORS Electrolyte Powder Sachets,Hydration / Gastrointestinal,2026-07-26,16
3491,11,Ibuprofen 400mg,Analgesic / NSAID,2026-07-26,15
3492,12,Amlodipine 5mg,Antihypertensive,2026-07-26,20
3493,1,Paracetamol 650mg (Dolo),Analgesic / Antipyretic,2026-07-27,53
3494,2,Amoxicillin 500mg,Antibiotic,2026-07-27,15
3495,3,Metformin 500mg,Antidiabetic,2026-07-27,38
3496,4,Cetirizine 10mg,Antihistamine / Allergy,2026-07-27,34
3497,5,Azithromycin 500mg,Antibiotic,2026-07-27,15
3498,6,Atorvastatin 20mg,Cardiovascular,2026-07-27,27
3499,7,Pantoprazole 40mg,Antacid / Gastrointestinal,2026-07-27,27
3500,8,Cough Syrup 100ml (Ascoril),Respiratory / Antitussive,2026-07-27,24
3501,9,Insulin Glargine 100IU/ml,Antidiabetic / Injectable,2026-07-27,10
3502,10,ORS Electrolyte Powder Sachets,Hydration / Gastrointestinal,2026-07-27,25
3503,11,Ibuprofen 400mg,Analgesic / NSAID,2026-07-27,22
3504,12,Amlodipine 5mg,Antihypertensive,2026-07-27,29
3505,1,Paracetamol 650mg (Dolo),Analgesic / Antipyretic,2026-07-28,44
3506,2,Amoxicillin 500mg,Antibiotic,2026-07-28,13
3507,3,Metformin 500mg,Antidiabetic,2026-07-28,37
3508,4,Cetirizine 10mg,Antihistamine / Allergy,2026-07-28,25
3509,5,Azithromycin 500mg,Antibiotic,2026-07-28,23
3510,6,Atorvastatin 20mg,Cardiovascular,2026-07-28,25
3511,7,Pantoprazole 40mg,Antacid / Gastrointestinal,2026-07-28,34
3512,8,Cough Syrup 100ml (Ascoril),Respiratory / Antitussive,2026-07-28,21
3513,9,Insulin Glargine 100IU/ml,Antidiabetic / Injectable,2026-07-28,11
3514,10,ORS Electrolyte Powder Sachets,Hydration / Gastrointestinal,2026-07-28,19
3515,11,Ibuprofen 400mg,Analgesic / NSAID,2026-07-28,24
3516,12,Amlodipine 5mg,Antihypertensive,2026-07-28,31
3517,1,Paracetamol 650mg (Dolo),Analgesic / Antipyretic,2026-07-29,42
3518,2,Amoxicillin 500mg,Antibiotic,2026-07-29,18
3519,3,Metformin 500mg,Antidiabetic,2026-07-29,43
3520,4,Cetirizine 10mg,Antihistamine / Allergy,2026-07-29,15
3521,5,Azithromycin 500mg,Antibiotic,2026-07-29,14
3522,6,Atorvastatin 20mg,Cardiovascular,2026-07-29,15
3523,7,Pantoprazole 40mg,Antacid / Gastrointestinal,2026-07-29,23
3524,8,Cough Syrup 100ml (Ascoril),Respiratory / Antitussive,2026-07-29,33
3525,9,Insulin Glargine 100IU/ml,Antidiabetic / Injectable,2026-07-29,7
3526,10,ORS Electrolyte Powder Sachets,Hydration / Gastrointestinal,2026-07-29,22
3527,11,Ibuprofen 400mg,Analgesic / NSAID,2026-07-29,21
3528,12,Amlodipine 5mg,Antihypertensive,2026-07-29,40
3529,1,Paracetamol 650mg (Dolo),Analgesic / Antipyretic,2026-07-30,33
3530,2,Amoxicillin 500mg,Antibiotic,2026-07-30,14
3531,3,Metformin 500mg,Antidiabetic,2026-07-30,44
3532,4,Cetirizine 10mg,Antihistamine / Allergy,2026-07-30,34
3533,5,Azithromycin 500mg,Antibiotic,2026-07-30,12
3534,6,Atorvastatin 20mg,Cardiovascular,2026-07-30,21
3535,7,Pantoprazole 40mg,Antacid / Gastrointestinal,2026-07-30,39
3536,8,Cough Syrup 100ml (Ascoril),Respiratory / Antitussive,2026-07-30,33
3537,9,Insulin Glargine 100IU/ml,Antidiabetic / Injectable,2026-07-30,9
3538,10,ORS Electrolyte Powder Sachets,Hydration / Gastrointestinal,2026-07-30,24
3539,11,Ibuprofen 400mg,Analgesic / NSAID,2026-07-30,22
3540,12,Amlodipine 5mg,Antihypertensive,2026-07-30,28
3541,1,Paracetamol 650mg (Dolo),Analgesic / Antipyretic,2026-07-31,52
3542,2,Amoxicillin 500mg,Antibiotic,2026-07-31,22
3543,3,Metformin 500mg,Antidiabetic,2026-07-31,40
3544,4,Cetirizine 10mg,Antihistamine / Allergy,2026-07-31,20
3545,5,Azithromycin 500mg,Antibiotic,2026-07-31,17
3546,6,Atorvastatin 20mg,Cardiovascular,2026-07-31,29
3547,7,Pantoprazole 40mg,Antacid / Gastrointestinal,2026-07-31,32
3548,8,Cough Syrup 100ml (Ascoril),Respiratory / Antitussive,2026-07-31,32
3549,9,Insulin Glargine 100IU/ml,Antidiabetic / Injectable,2026-07-31,10
3550,10,ORS Electrolyte Powder Sachets,Hydration / Gastrointestinal,2026-07-31,28
3551,11,Ibuprofen 400mg,Analgesic / NSAID,2026-07-31,20
3552,12,Amlodipine 5mg,Antihypertensive,2026-07-31,21
3553,1,Paracetamol 650mg (Dolo),Analgesic / Antipyretic,2026-08-01,69
3554,2,Amoxicillin 500mg,Antibiotic,2026-08-01,29
3555,3,Metformin 500mg,Antidiabetic,2026-08-01,27
3556,4,Cetirizine 10mg,Antihistamine / Allergy,2026-08-01,24
3557,5,Azithromycin 500mg,Antibiotic,2026-08-01,18
3558,6,Atorvastatin 20mg,Cardiovascular,2026-08-01,33
3559,7,Pantoprazole 40mg,Antacid / Gastrointestinal,2026-08-01,32
3560,8,Cough Syrup 100ml (Ascoril),Respiratory / Antitussive,2026-08-01,26
3561,9,Insulin Glargine 100IU/ml,Antidiabetic / Injectable,2026-08-01,9
3562,10,ORS Electrolyte Powder Sachets,Hydration / Gastrointestinal,2026-08-01,25
3563,11,Ibuprofen 400mg,Analgesic / NSAID,2026-08-01,15
3564,12,Amlodipine 5mg,Antihypertensive,2026-08-01,41
3565,1,Paracetamol 650mg (Dolo),Analgesic / Antipyretic,2026-08-02,54
3566,2,Amoxicillin 500mg,Antibiotic,2026-08-02,14
3567,3,Metformin 500mg,Antidiabetic,2026-08-02,30
3568,4,Cetirizine 10mg,Antihistamine / Allergy,2026-08-02,21
3569,5,Azithromycin 500mg,Antibiotic,2026-08-02,11
3570,6,Atorvastatin 20mg,Cardiovascular,2026-08-02,45
3571,7,Pantoprazole 40mg,Antacid / Gastrointestinal,2026-08-02,22
3572,8,Cough Syrup 100ml (Ascoril),Respiratory / Antitussive,2026-08-02,30
3573,9,Insulin Glargine 100IU/ml,Antidiabetic / Injectable,2026-08-02,7
3574,10,ORS Electrolyte Powder Sachets,Hydration / Gastrointestinal,2026-08-02,21
3575,11,Ibuprofen 400mg,Analgesic / NSAID,2026-08-02,14
3576,12,Amlodipine 5mg,Antihypertensive,2026-08-02,25
3577,1,Paracetamol 650mg (Dolo),Analgesic / Antipyretic,2026-08-03,47
3578,2,Amoxicillin 500mg,Antibiotic,2026-08-03,15
3579,3,Metformin 500mg,Antidiabetic,2026-08-03,30
3580,4,Cetirizine 10mg,Antihistamine / Allergy,2026-08-03,17
3581,5,Azithromycin 500mg,Antibiotic,2026-08-03,19
3582,6,Atorvastatin 20mg,Cardiovascular,2026-08-03,34
3583,7,Pantoprazole 40mg,Antacid / Gastrointestinal,2026-08-03,38
3584,8,Cough Syrup 100ml (Ascoril),Respiratory / Antitussive,2026-08-03,23
3585,9,Insulin Glargine 100IU/ml,Antidiabetic / Injectable,2026-08-03,8
3586,10,ORS Electrolyte Powder Sachets,Hydration / Gastrointestinal,2026-08-03,19
3587,11,Ibuprofen 400mg,Analgesic / NSAID,2026-08-03,19
3588,12,Amlodipine 5mg,Antihypertensive,2026-08-03,24
3589,1,Paracetamol 650mg (Dolo),Analgesic / Antipyretic,2026-08-04,68
3590,2,Amoxicillin 500mg,Antibiotic,2026-08-04,16
3591,3,Metformin 500mg,Antidiabetic,2026-08-04,41
3592,4,Cetirizine 10mg,Antihistamine / Allergy,2026-08-04,23
3593,5,Azithromycin 500mg,Antibiotic,2026-08-04,19
3594,6,Atorvastatin 20mg,Cardiovascular,2026-08-04,20
3595,7,Pantoprazole 40mg,Antacid / Gastrointestinal,2026-08-04,35
3596,8,Cough Syrup 100ml (Ascoril),Respiratory / Antitussive,2026-08-04,35
3597,9,Insulin Glargine 100IU/ml,Antidiabetic / Injectable,2026-08-04,6
3598,10,ORS Electrolyte Powder Sachets,Hydration / Gastrointestinal,2026-08-04,29
3599,11,Ibuprofen 400mg,Analgesic / NSAID,2026-08-04,23
3600,12,Amlodipine 5mg,Antihypertensive,2026-08-04,28
3601,1,Paracetamol 650mg (Dolo),Analgesic / Antipyretic,2026-08-05,47
3602,2,Amoxicillin 500mg,Antibiotic,2026-08-05,15
3603,3,Metformin 500mg,Antidiabetic,2026-08-05,48
3604,4,Cetirizine 10mg,Antihistamine / Allergy,2026-08-05,21
3605,5,Azithromycin 500mg,Antibiotic,2026-08-05,15
3606,6,Atorvastatin 20mg,Cardiovascular,2026-08-05,24
3607,7,Pantoprazole 40mg,Antacid / Gastrointestinal,2026-08-05,24
3608,8,Cough Syrup 100ml (Ascoril),Respiratory / Antitussive,2026-08-05,35
3609,9,Insulin Glargine 100IU/ml,Antidiabetic / Injectable,2026-08-05,5
3610,10,ORS Electrolyte Powder Sachets,Hydration / Gastrointestinal,2026-08-05,23
3611,11,Ibuprofen 400mg,Analgesic / NSAID,2026-08-05,22
3612,12,Amlodipine 5mg,Antihypertensive,2026-08-05,29
3613,1,Paracetamol 650mg (Dolo),Analgesic / Antipyretic,2026-08-06,54
3614,2,Amoxicillin 500mg,Antibiotic,2026-08-06,19
3615,3,Metformin 500mg,Antidiabetic,2026-08-06,34
3616,4,Cetirizine 10mg,Antihistamine / Allergy,2026-08-06,24
3617,5,Azithromycin 500mg,Antibiotic,2026-08-06,11
3618,6,Atorvastatin 20mg,Cardiovascular,2026-08-06,23
3619,7,Pantoprazole 40mg,Antacid / Gastrointestinal,2026-08-06,34
3620,8,Cough Syrup 100ml (Ascoril),Respiratory / Antitussive,2026-08-06,34
3621,9,Insulin Glargine 100IU/ml,Antidiabetic / Injectable,2026-08-06,4
3622,10,ORS Electrolyte Powder Sachets,Hydration / Gastrointestinal,2026-08-06,26
3623,11,Ibuprofen 400mg,Analgesic / NSAID,2026-08-06,12
3624,12,Amlodipine 5mg,Antihypertensive,2026-08-06,25
3625,1,Paracetamol 650mg (Dolo),Analgesic / Antipyretic,2026-08-07,75
3626,2,Amoxicillin 500mg,Antibiotic,2026-08-07,15
3627,3,Metformin 500mg,Antidiabetic,2026-08-07,26
3628,4,Cetirizine 10mg,Antihistamine / Allergy,2026-08-07,24
3629,5,Azithromycin 500mg,Antibiotic,2026-08-07,9
3630,6,Atorvastatin 20mg,Cardiovascular,2026-08-07,21
3631,7,Pantoprazole 40mg,Antacid / Gastrointestinal,2026-08-07,31
3632,8,Cough Syrup 100ml (Ascoril),Respiratory / Antitussive,2026-08-07,26
3633,9,Insulin Glargine 100IU/ml,Antidiabetic / Injectable,2026-08-07,6
3634,10,ORS Electrolyte Powder Sachets,Hydration / Gastrointestinal,2026-08-07,28
3635,11,Ibuprofen 400mg,Analgesic / NSAID,2026-08-07,20
3636,12,Amlodipine 5mg,Antihypertensive,2026-08-07,26
3637,1,Paracetamol 650mg (Dolo),Analgesic / Antipyretic,2026-08-08,61
3638,2,Amoxicillin 500mg,Antibiotic,2026-08-08,22
3639,3,Metformin 500mg,Antidiabetic,2026-08-08,34
3640,4,Cetirizine 10mg,Antihistamine / Allergy,2026-08-08,26
3641,5,Azithromycin 500mg,Antibiotic,2026-08-08,14
3642,6,Atorvastatin 20mg,Cardiovascular,2026-08-08,27
3643,7,Pantoprazole 40mg,Antacid / Gastrointestinal,2026-08-08,27
3644,8,Cough Syrup 100ml (Ascoril),Respiratory / Antitussive,2026-08-08,34
3645,9,Insulin Glargine 100IU/ml,Antidiabetic / Injectable,2026-08-08,6
3646,10,ORS Electrolyte Powder Sachets,Hydration / Gastrointestinal,2026-08-08,23
3647,11,Ibuprofen 400mg,Analgesic / NSAID,2026-08-08,23
3648,12,Amlodipine 5mg,Antihypertensive,2026-08-08,30
3649,1,Paracetamol 650mg (Dolo),Analgesic / Antipyretic,2026-08-09,53
3650,2,Amoxicillin 500mg,Antibiotic,2026-08-09,14
3651,3,Metformin 500mg,Antidiabetic,2026-08-09,27
3652,4,Cetirizine 10mg,Antihistamine / Allergy,2026-08-09,19
3653,5,Azithromycin 500mg,Antibiotic,2026-08-09,11
3654,6,Atorvastatin 20mg,Cardiovascular,2026-08-09,17
3655,7,Pantoprazole 40mg,Antacid / Gastrointestinal,2026-08-09,24
3656,8,Cough Syrup 100ml (Ascoril),Respiratory / Antitussive,2026-08-09,26
3657,9,Insulin Glargine 100IU/ml,Antidiabetic / Injectable,2026-08-09,5
3658,10,ORS Electrolyte Powder Sachets,Hydration / Gastrointestinal,2026-08-09,13
3659,11,Ibuprofen 400mg,Analgesic / NSAID,2026-08-09,16
3660,12,Amlodipine 5mg,Antihypertensive,2026-08-09,29
3661,1,Paracetamol 650mg (Dolo),Analgesic / Antipyretic,2026-08-10,52
3662,2,Amoxicillin 500mg,Antibiotic,2026-08-10,26
3663,3,Metformin 500mg,Antidiabetic,2026-08-10,32
3664,4,Cetirizine 10mg,Antihistamine / Allergy,2026-08-10,22
3665,5,Azithromycin 500mg,Antibiotic,2026-08-10,16
3666,6,Atorvastatin 20mg,Cardiovascular,2026-08-10,18
3667,7,Pantoprazole 40mg,Antacid / Gastrointestinal,2026-08-10,32
3668,8,Cough Syrup 100ml (Ascoril),Respiratory / Antitussive,2026-08-10,32
3669,9,Insulin Glargine 100IU/ml,Antidiabetic / Injectable,2026-08-10,6
3670,10,ORS Electrolyte Powder Sachets,Hydration / Gastrointestinal,2026-08-10,26
3671,11,Ibuprofen 400mg,Analgesic / NSAID,2026-08-10,22
3672,12,Amlodipine 5mg,Antihypertensive,2026-08-10,29
3673,1,Paracetamol 650mg (Dolo),Analgesic / Antipyretic,2026-08-11,44
3674,2,Amoxicillin 500mg,Antibiotic,2026-08-11,21
3675,3,Metformin 500mg,Antidiabetic,2026-08-11,30
3676,4,Cetirizine 10mg,Antihistamine / Allergy,2026-08-11,21
3677,5,Azithromycin 500mg,Antibiotic,2026-08-11,14
3678,6,Atorvastatin 20mg,Cardiovascular,2026-08-11,23
3679,7,Pantoprazole 40mg,Antacid / Gastrointestinal,2026-08-11,34
3680,8,Cough Syrup 100ml (Ascoril),Respiratory / Antitussive,2026-08-11,29
3681,9,Insulin Glargine 100IU/ml,Antidiabetic / Injectable,2026-08-11,4
3682,10,ORS Electrolyte Powder Sachets,Hydration / Gastrointestinal,2026-08-11,23
3683,11,Ibuprofen 400mg,Analgesic / NSAID,2026-08-11,20
3684,12,Amlodipine 5mg,Antihypertensive,2026-08-11,31
3685,1,Paracetamol 650mg (Dolo),Analgesic / Antipyretic,2026-08-12,62
3686,2,Amoxicillin 500mg,Antibiotic,2026-08-12,16
3687,3,Metformin 500mg,Antidiabetic,2026-08-12,44
3688,4,Cetirizine 10mg,Antihistamine / Allergy,2026-08-12,22
3689,5,Azithromycin 500mg,Antibiotic,2026-08-12,17
3690,6,Atorvastatin 20mg,Cardiovascular,2026-08-12,23
3691,7,Pantoprazole 40mg,Antacid / Gastrointestinal,2026-08-12,31
3692,8,Cough Syrup 100ml (Ascoril),Respiratory / Antitussive,2026-08-12,34
3693,9,Insulin Glargine 100IU/ml,Antidiabetic / Injectable,2026-08-12,9
3694,10,ORS Electrolyte Powder Sachets,Hydration / Gastrointestinal,2026-08-12,29
3695,11,Ibuprofen 400mg,Analgesic / NSAID,2026-08-12,22
3696,12,Amlodipine 5mg,Antihypertensive,2026-08-12,24
3697,1,Paracetamol 650mg (Dolo),Analgesic / Antipyretic,2026-08-13,50
3698,2,Amoxicillin 500mg,Antibiotic,2026-08-13,20
3699,3,Metformin 500mg,Antidiabetic,2026-08-13,35
3700,4,Cetirizine 10mg,Antihistamine / Allergy,2026-08-13,20
3701,5,Azithromycin 500mg,Antibiotic,2026-08-13,16
3702,6,Atorvastatin 20mg,Cardiovascular,2026-08-13,30
3703,7,Pantoprazole 40mg,Antacid / Gastrointestinal,2026-08-13,23
3704,8,Cough Syrup 100ml (Ascoril),Respiratory / Antitussive,2026-08-13,25
3705,9,Insulin Glargine 100IU/ml,Antidiabetic / Injectable,2026-08-13,6
3706,10,ORS Electrolyte Powder Sachets,Hydration / Gastrointestinal,2026-08-13,26
3707,11,Ibuprofen 400mg,Analgesic / NSAID,2026-08-13,17
3708,12,Amlodipine 5mg,Antihypertensive,2026-08-13,31
3709,1,Paracetamol 650mg (Dolo),Analgesic / Antipyretic,2026-08-14,60
3710,2,Amoxicillin 500mg,Antibiotic,2026-08-14,19
3711,3,Metformin 500mg,Antidiabetic,2026-08-14,22
3712,4,Cetirizine 10mg,Antihistamine / Allergy,2026-08-14,16
3713,5,Azithromycin 500mg,Antibiotic,2026-08-14,13
3714,6,Atorvastatin 20mg,Cardiovascular,2026-08-14,15
3715,7,Pantoprazole 40mg,Antacid / Gastrointestinal,2026-08-14,33
3716,8,Cough Syrup 100ml (Ascoril),Respiratory / Antitussive,2026-08-14,28
3717,9,Insulin Glargine 100IU/ml,Antidiabetic / Injectable,2026-08-14,13
3718,10,ORS Electrolyte Powder Sachets,Hydration / Gastrointestinal,2026-08-14,35
3719,11,Ibuprofen 400mg,Analgesic / NSAID,2026-08-14,18
3720,12,Amlodipine 5mg,Antihypertensive,2026-08-14,25
3721,1,Paracetamol 650mg (Dolo),Analgesic / Antipyretic,2026-08-15,76
3722,2,Amoxicillin 500mg,Antibiotic,2026-08-15,29
3723,3,Metformin 500mg,Antidiabetic,2026-08-15,24
3724,4,Cetirizine 10mg,Antihistamine / Allergy,2026-08-15,27
3725,5,Azithromycin 500mg,Antibiotic,2026-08-15,14
3726,6,Atorvastatin 20mg,Cardiovascular,2026-08-15,31
3727,7,Pantoprazole 40mg,Antacid / Gastrointestinal,2026-08-15,35
3728,8,Cough Syrup 100ml (Ascoril),Respiratory / Antitussive,2026-08-15,40
3729,9,Insulin Glargine 100IU/ml,Antidiabetic / Injectable,2026-08-15,5
3730,10,ORS Electrolyte Powder Sachets,Hydration / Gastrointestinal,2026-08-15,16
3731,11,Ibuprofen 400mg,Analgesic / NSAID,2026-08-15,25
3732,12,Amlodipine 5mg,Antihypertensive,2026-08-15,25
3733,1,Paracetamol 650mg (Dolo),Analgesic / Antipyretic,2026-08-16,29
3734,2,Amoxicillin 500mg,Antibiotic,2026-08-16,16
3735,3,Metformin 500mg,Antidiabetic,2026-08-16,29
3736,4,Cetirizine 10mg,Antihistamine / Allergy,2026-08-16,17
3737,5,Azithromycin 500mg,Antibiotic,2026-08-16,10
3738,6,Atorvastatin 20mg,Cardiovascular,2026-08-16,19
3739,7,Pantoprazole 40mg,Antacid / Gastrointestinal,2026-08-16,22
3740,8,Cough Syrup 100ml (Ascoril),Respiratory / Antitussive,2026-08-16,18
3741,9,Insulin Glargine 100IU/ml,Antidiabetic / Injectable,2026-08-16,4
3742,10,ORS Electrolyte Powder Sachets,Hydration / Gastrointestinal,2026-08-16,22
3743,11,Ibuprofen 400mg,Analgesic / NSAID,2026-08-16,17
3744,12,Amlodipine 5mg,Antihypertensive,2026-08-16,21
3745,1,Paracetamol 650mg (Dolo),Analgesic / Antipyretic,2026-08-17,46
3746,2,Amoxicillin 500mg,Antibiotic,2026-08-17,19
3747,3,Metformin 500mg,Antidiabetic,2026-08-17,18
3748,4,Cetirizine 10mg,Antihistamine / Allergy,2026-08-17,22
3749,5,Azithromycin 500mg,Antibiotic,2026-08-17,17
3750,6,Atorvastatin 20mg,Cardiovascular,2026-08-17,17
3751,7,Pantoprazole 40mg,Antacid / Gastrointestinal,2026-08-17,25
3752,8,Cough Syrup 100ml (Ascoril),Respiratory / Antitussive,2026-08-17,31
3753,9,Insulin Glargine 100IU/ml,Antidiabetic / Injectable,2026-08-17,9
3754,10,ORS Electrolyte Powder Sachets,Hydration / Gastrointestinal,2026-08-17,23
3755,11,Ibuprofen 400mg,Analgesic / NSAID,2026-08-17,16
3756,12,Amlodipine 5mg,Antihypertensive,2026-08-17,16
3757,1,Paracetamol 650mg (Dolo),Analgesic / Antipyretic,2026-08-18,57
3758,2,Amoxicillin 500mg,Antibiotic,2026-08-18,27
3759,3,Metformin 500mg,Antidiabetic,2026-08-18,53
3760,4,Cetirizine 10mg,Antihistamine / Allergy,2026-08-18,21
3761,5,Azithromycin 500mg,Antibiotic,2026-08-18,14
3762,6,Atorvastatin 20mg,Cardiovascular,2026-08-18,24
3763,7,Pantoprazole 40mg,Antacid / Gastrointestinal,2026-08-18,24
3764,8,Cough Syrup 100ml (Ascoril),Respiratory / Antitussive,2026-08-18,33
3765,9,Insulin Glargine 100IU/ml,Antidiabetic / Injectable,2026-08-18,7
3766,10,ORS Electrolyte Powder Sachets,Hydration / Gastrointestinal,2026-08-18,25
3767,11,Ibuprofen 400mg,Analgesic / NSAID,2026-08-18,15
3768,12,Amlodipine 5mg,Antihypertensive,2026-08-18,31
3769,1,Paracetamol 650mg (Dolo),Analgesic / Antipyretic,2026-08-19,62
3770,2,Amoxicillin 500mg,Antibiotic,2026-08-19,18
3771,3,Metformin 500mg,Antidiabetic,2026-08-19,36
3772,4,Cetirizine 10mg,Antihistamine / Allergy,2026-08-19,19
3773,5,Azithromycin 500mg,Antibiotic,2026-08-19,12
3774,6,Atorvastatin 20mg,Cardiovascular,2026-08-19,21
3775,7,Pantoprazole 40mg,Antacid / Gastrointestinal,2026-08-19,19
3776,8,Cough Syrup 100ml (Ascoril),Respiratory / Antitussive,2026-08-19,32
3777,9,Insulin Glargine 100IU/ml,Antidiabetic / Injectable,2026-08-19,3
3778,10,ORS Electrolyte Powder Sachets,Hydration / Gastrointestinal,2026-08-19,19
3779,11,Ibuprofen 400mg,Analgesic / NSAID,2026-08-19,12
3780,12,Amlodipine 5mg,Antihypertensive,2026-08-19,25
3781,1,Paracetamol 650mg (Dolo),Analgesic / Antipyretic,2026-08-20,54
3782,2,Amoxicillin 500mg,Antibiotic,2026-08-20,19
3783,3,Metformin 500mg,Antidiabetic,2026-08-20,24
3784,4,Cetirizine 10mg,Antihistamine / Allergy,2026-08-20,17
3785,5,Azithromycin 500mg,Antibiotic,2026-08-20,14
3786,6,Atorvastatin 20mg,Cardiovascular,2026-08-20,36
3787,7,Pantoprazole 40mg,Antacid / Gastrointestinal,2026-08-20,30
3788,8,Cough Syrup 100ml (Ascoril),Respiratory / Antitussive,2026-08-20,24
3789,9,Insulin Glargine 100IU/ml,Antidiabetic / Injectable,2026-08-20,7
3790,10,ORS Electrolyte Powder Sachets,Hydration / Gastrointestinal,2026-08-20,31
3791,11,Ibuprofen 400mg,Analgesic / NSAID,2026-08-20,21
3792,12,Amlodipine 5mg,Antihypertensive,2026-08-20,23
3793,1,Paracetamol 650mg (Dolo),Analgesic / Antipyretic,2026-08-21,58
3794,2,Amoxicillin 500mg,Antibiotic,2026-08-21,19
3795,3,Metformin 500mg,Antidiabetic,2026-08-21,30
3796,4,Cetirizine 10mg,Antihistamine / Allergy,2026-08-21,20
3797,5,Azithromycin 500mg,Antibiotic,2026-08-21,13
3798,6,Atorvastatin 20mg,Cardiovascular,2026-08-21,25
3799,7,Pantoprazole 40mg,Antacid / Gastrointestinal,2026-08-21,23
3800,8,Cough Syrup 100ml (Ascoril),Respiratory / Antitussive,2026-08-21,24
3801,9,Insulin Glargine 100IU/ml,Antidiabetic / Injectable,2026-08-21,4
3802,10,ORS Electrolyte Powder Sachets,Hydration / Gastrointestinal,2026-08-21,17
3803,11,Ibuprofen 400mg,Analgesic / NSAID,2026-08-21,15
3804,12,Amlodipine 5mg,Antihypertensive,2026-08-21,26
3805,1,Paracetamol 650mg (Dolo),Analgesic / Antipyretic,2026-08-22,54
3806,2,Amoxicillin 500mg,Antibiotic,2026-08-22,26
3807,3,Metformin 500mg,Antidiabetic,2026-08-22,35
3808,4,Cetirizine 10mg,Antihistamine / Allergy,2026-08-22,16
3809,5,Azithromycin 500mg,Antibiotic,2026-08-22,17
3810,6,Atorvastatin 20mg,Cardiovascular,2026-08-22,32
3811,7,Pantoprazole 40mg,Antacid / Gastrointestinal,2026-08-22,27
3812,8,Cough Syrup 100ml (Ascoril),Respiratory / Antitussive,2026-08-22,36
3813,9,Insulin Glargine 100IU/ml,Antidiabetic / Injectable,2026-08-22,6
3814,10,ORS Electrolyte Powder Sachets,Hydration / Gastrointestinal,2026-08-22,29
3815,11,Ibuprofen 400mg,Analgesic / NSAID,2026-08-22,17
3816,12,Amlodipine 5mg,Antihypertensive,2026-08-22,19
3817,1,Paracetamol 650mg (Dolo),Analgesic / Antipyretic,2026-08-23,43
3818,2,Amoxicillin 500mg,Antibiotic,2026-08-23,17
3819,3,Metformin 500mg,Antidiabetic,2026-08-23,23
3820,4,Cetirizine 10mg,Antihistamine / Allergy,2026-08-23,14
3821,5,Azithromycin 500mg,Antibiotic,2026-08-23,11
3822,6,Atorvastatin 20mg,Cardiovascular,2026-08-23,21
3823,7,Pantoprazole 40mg,Antacid / Gastrointestinal,2026-08-23,23
3824,8,Cough Syrup 100ml (Ascoril),Respiratory / Antitussive,2026-08-23,25
3825,9,Insulin Glargine 100IU/ml,Antidiabetic / Injectable,2026-08-23,4
3826,10,ORS Electrolyte Powder Sachets,Hydration / Gastrointestinal,2026-08-23,25
3827,11,Ibuprofen 400mg,Analgesic / NSAID,2026-08-23,12
3828,12,Amlodipine 5mg,Antihypertensive,2026-08-23,23
3829,1,Paracetamol 650mg (Dolo),Analgesic / Antipyretic,2026-08-24,68
3830,2,Amoxicillin 500mg,Antibiotic,2026-08-24,23
3831,3,Metformin 500mg,Antidiabetic,2026-08-24,29
3832,4,Cetirizine 10mg,Antihistamine / Allergy,2026-08-24,19
3833,5,Azithromycin 500mg,Antibiotic,2026-08-24,27
3834,6,Atorvastatin 20mg,Cardiovascular,2026-08-24,18
3835,7,Pantoprazole 40mg,Antacid / Gastrointestinal,2026-08-24,23
3836,8,Cough Syrup 100ml (Ascoril),Respiratory / Antitussive,2026-08-24,27
3837,9,Insulin Glargine 100IU/ml,Antidiabetic / Injectable,2026-08-24,9
3838,10,ORS Electrolyte Powder Sachets,Hydration / Gastrointestinal,2026-08-24,26
3839,11,Ibuprofen 400mg,Analgesic / NSAID,2026-08-24,16
3840,12,Amlodipine 5mg,Antihypertensive,2026-08-24,24
3841,1,Paracetamol 650mg (Dolo),Analgesic / Antipyretic,2026-08-25,49
3842,2,Amoxicillin 500mg,Antibiotic,2026-08-25,18
3843,3,Metformin 500mg,Antidiabetic,2026-08-25,35
3844,4,Cetirizine 10mg,Antihistamine / Allergy,2026-08-25,16
3845,5,Azithromycin 500mg,Antibiotic,2026-08-25,18
3846,6,Atorvastatin 20mg,Cardiovascular,2026-08-25,28
3847,7,Pantoprazole 40mg,Antacid / Gastrointestinal,2026-08-25,34
3848,8,Cough Syrup 100ml (Ascoril),Respiratory / Antitussive,2026-08-25,27
3849,9,Insulin Glargine 100IU/ml,Antidiabetic / Injectable,2026-08-25,6
3850,10,ORS Electrolyte Powder Sachets,Hydration / Gastrointestinal,2026-08-25,18
3851,11,Ibuprofen 400mg,Analgesic / NSAID,2026-08-25,17
3852,12,Amlodipine 5mg,Antihypertensive,2026-08-25,27
3853,1,Paracetamol 650mg (Dolo),Analgesic / Antipyretic,2026-08-26,69
3854,2,Amoxicillin 500mg,Antibiotic,2026-08-26,17
3855,3,Metformin 500mg,Antidiabetic,2026-08-26,28
3856,4,Cetirizine 10mg,Antihistamine / Allergy,2026-08-26,20
3857,5,Azithromycin 500mg,Antibiotic,2026-08-26,10
3858,6,Atorvastatin 20mg,Cardiovascular,2026-08-26,27
3859,7,Pantoprazole 40mg,Antacid / Gastrointestinal,2026-08-26,24
3860,8,Cough Syrup 100ml (Ascoril),Respiratory / Antitussive,2026-08-26,28
3861,9,Insulin Glargine 100IU/ml,Antidiabetic / Injectable,2026-08-26,6
3862,10,ORS Electrolyte Powder Sachets,Hydration / Gastrointestinal,2026-08-26,21
3863,11,Ibuprofen 400mg,Analgesic / NSAID,2026-08-26,19
3864,12,Amlodipine 5mg,Antihypertensive,2026-08-26,24
3865,1,Paracetamol 650mg (Dolo),Analgesic / Antipyretic,2026-08-27,52
3866,2,Amoxicillin 500mg,Antibiotic,2026-08-27,18
3867,3,Metformin 500mg,Antidiabetic,2026-08-27,37
3868,4,Cetirizine 10mg,Antihistamine / Allergy,2026-08-27,27
3869,5,Azithromycin 500mg,Antibiotic,2026-08-27,14
3870,6,Atorvastatin 20mg,Cardiovascular,2026-08-27,33
3871,7,Pantoprazole 40mg,Antacid / Gastrointestinal,2026-08-27,21
3872,8,Cough Syrup 100ml (Ascoril),Respiratory / Antitussive,2026-08-27,30
3873,9,Insulin Glargine 100IU/ml,Antidiabetic / Injectable,2026-08-27,6
3874,10,ORS Electrolyte Powder Sachets,Hydration / Gastrointestinal,2026-08-27,18
3875,11,Ibuprofen 400mg,Analgesic / NSAID,2026-08-27,19
3876,12,Amlodipine 5mg,Antihypertensive,2026-08-27,35
3877,1,Paracetamol 650mg (Dolo),Analgesic / Antipyretic,2026-08-28,65
3878,2,Amoxicillin 500mg,Antibiotic,2026-08-28,22
3879,3,Metformin 500mg,Antidiabetic,2026-08-28,25
3880,4,Cetirizine 10mg,Antihistamine / Allergy,2026-08-28,20
3881,5,Azithromycin 500mg,Antibiotic,2026-08-28,14
3882,6,Atorvastatin 20mg,Cardiovascular,2026-08-28,29
3883,7,Pantoprazole 40mg,Antacid / Gastrointestinal,2026-08-28,19
3884,8,Cough Syrup 100ml (Ascoril),Respiratory / Antitussive,2026-08-28,24
3885,9,Insulin Glargine 100IU/ml,Antidiabetic / Injectable,2026-08-28,13
3886,10,ORS Electrolyte Powder Sachets,Hydration / Gastrointestinal,2026-08-28,27
3887,11,Ibuprofen 400mg,Analgesic / NSAID,2026-08-28,13
3888,12,Amlodipine 5mg,Antihypertensive,2026-08-28,28
3889,1,Paracetamol 650mg (Dolo),Analgesic / Antipyretic,2026-08-29,66
3890,2,Amoxicillin 500mg,Antibiotic,2026-08-29,29
3891,3,Metformin 500mg,Antidiabetic,2026-08-29,45
3892,4,Cetirizine 10mg,Antihistamine / Allergy,2026-08-29,27
3893,5,Azithromycin 500mg,Antibiotic,2026-08-29,13
3894,6,Atorvastatin 20mg,Cardiovascular,2026-08-29,21
3895,7,Pantoprazole 40mg,Antacid / Gastrointestinal,2026-08-29,30
3896,8,Cough Syrup 100ml (Ascoril),Respiratory / Antitussive,2026-08-29,40
3897,9,Insulin Glargine 100IU/ml,Antidiabetic / Injectable,2026-08-29,12
3898,10,ORS Electrolyte Powder Sachets,Hydration / Gastrointestinal,2026-08-29,32
3899,11,Ibuprofen 400mg,Analgesic / NSAID,2026-08-29,27
3900,12,Amlodipine 5mg,Antihypertensive,2026-08-29,36
3901,1,Paracetamol 650mg (Dolo),Analgesic / Antipyretic,2026-08-30,42
3902,2,Amoxicillin 500mg,Antibiotic,2026-08-30,18
3903,3,Metformin 500mg,Antidiabetic,2026-08-30,38
3904,4,Cetirizine 10mg,Antihistamine / Allergy,2026-08-30,14
3905,5,Azithromycin 500mg,Antibiotic,2026-08-30,14
3906,6,Atorvastatin 20mg,Cardiovascular,2026-08-30,22
3907,7,Pantoprazole 40mg,Antacid / Gastrointestinal,2026-08-30,29
3908,8,Cough Syrup 100ml (Ascoril),Respiratory / Antitussive,2026-08-30,18
3909,9,Insulin Glargine 100IU/ml,Antidiabetic / Injectable,2026-08-30,8
3910,10,ORS Electrolyte Powder Sachets,Hydration / Gastrointestinal,2026-08-30,18
3911,11,Ibuprofen 400mg,Analgesic / NSAID,2026-08-30,13
3912,12,Amlodipine 5mg,Antihypertensive,2026-08-30,25
3913,1,Paracetamol 650mg (Dolo),Analgesic / Antipyretic,2026-08-31,66
3914,2,Amoxicillin 500mg,Antibiotic,2026-08-31,19
3915,3,Metformin 500mg,Antidiabetic,2026-08-31,25
3916,4,Cetirizine 10mg,Antihistamine / Allergy,2026-08-31,21
3917,5,Azithromycin 500mg,Antibiotic,2026-08-31,13
3918,6,Atorvastatin 20mg,Cardiovascular,2026-08-31,30
3919,7,Pantoprazole 40mg,Antacid / Gastrointestinal,2026-08-31,33
3920,8,Cough Syrup 100ml (Ascoril),Respiratory / Antitussive,2026-08-31,29
3921,9,Insulin Glargine 100IU/ml,Antidiabetic / Injectable,2026-08-31,11
3922,10,ORS Electrolyte Powder Sachets,Hydration / Gastrointestinal,2026-08-31,26
3923,11,Ibuprofen 400mg,Analgesic / NSAID,2026-08-31,20
3924,12,Amlodipine 5mg,Antihypertensive,2026-08-31,20
3925,1,Paracetamol 650mg (Dolo),Analgesic / Antipyretic,2026-09-01,47
3926,2,Amoxicillin 500mg,Antibiotic,2026-09-01,21
3927,3,Metformin 500mg,Antidiabetic,2026-09-01,41
3928,4,Cetirizine 10mg,Antihistamine / Allergy,2026-09-01,20
3929,5,Azithromycin 500mg,Antibiotic,2026-09-01,10
3930,6,Atorvastatin 20mg,Cardiovascular,2026-09-01,29
3931,7,Pantoprazole 40mg,Antacid / Gastrointestinal,2026-09-01,32
3932,8,Cough Syrup 100ml (Ascoril),Respiratory / Antitussive,2026-09-01,33
3933,9,Insulin Glargine 100IU/ml,Antidiabetic / Injectable,2026-09-01,15
3934,10,ORS Electrolyte Powder Sachets,Hydration / Gastrointestinal,2026-09-01,28
3935,11,Ibuprofen 400mg,Analgesic / NSAID,2026-09-01,22
3936,12,Amlodipine 5mg,Antihypertensive,2026-09-01,31
3937,1,Paracetamol 650mg (Dolo),Analgesic / Antipyretic,2026-09-02,60
3938,2,Amoxicillin 500mg,Antibiotic,2026-09-02,17
3939,3,Metformin 500mg,Antidiabetic,2026-09-02,32
3940,4,Cetirizine 10mg,Antihistamine / Allergy,2026-09-02,16
3941,5,Azithromycin 500mg,Antibiotic,2026-09-02,15
3942,6,Atorvastatin 20mg,Cardiovascular,2026-09-02,34
3943,7,Pantoprazole 40mg,Antacid / Gastrointestinal,2026-09-02,25
3944,8,Cough Syrup 100ml (Ascoril),Respiratory / Antitussive,2026-09-02,14
3945,9,Insulin Glargine 100IU/ml,Antidiabetic / Injectable,2026-09-02,7
3946,10,ORS Electrolyte Powder Sachets,Hydration / Gastrointestinal,2026-09-02,29
3947,11,Ibuprofen 400mg,Analgesic / NSAID,2026-09-02,24
3948,12,Amlodipine 5mg,Antihypertensive,2026-09-02,31
3949,1,Paracetamol 650mg (Dolo),Analgesic / Antipyretic,2026-09-03,46
3950,2,Amoxicillin 500mg,Antibiotic,2026-09-03,17
3951,3,Metformin 500mg,Antidiabetic,2026-09-03,38
3952,4,Cetirizine 10mg,Antihistamine / Allergy,2026-09-03,15
3953,5,Azithromycin 500mg,Antibiotic,2026-09-03,19
3954,6,Atorvastatin 20mg,Cardiovascular,2026-09-03,31
3955,7,Pantoprazole 40mg,Antacid / Gastrointestinal,2026-09-03,25
3956,8,Cough Syrup 100ml (Ascoril),Respiratory / Antitussive,2026-09-03,23
3957,9,Insulin Glargine 100IU/ml,Antidiabetic / Injectable,2026-09-03,8
3958,10,ORS Electrolyte Powder Sachets,Hydration / Gastrointestinal,2026-09-03,23
3959,11,Ibuprofen 400mg,Analgesic / NSAID,2026-09-03,26
3960,12,Amlodipine 5mg,Antihypertensive,2026-09-03,30
3961,1,Paracetamol 650mg (Dolo),Analgesic / Antipyretic,2026-09-04,42
3962,2,Amoxicillin 500mg,Antibiotic,2026-09-04,31
3963,3,Metformin 500mg,Antidiabetic,2026-09-04,35
3964,4,Cetirizine 10mg,Antihistamine / Allergy,2026-09-04,21
3965,5,Azithromycin 500mg,Antibiotic,2026-09-04,12
3966,6,Atorvastatin 20mg,Cardiovascular,2026-09-04,29
3967,7,Pantoprazole 40mg,Antacid / Gastrointestinal,2026-09-04,30
3968,8,Cough Syrup 100ml (Ascoril),Respiratory / Antitussive,2026-09-04,17
3969,9,Insulin Glargine 100IU/ml,Antidiabetic / Injectable,2026-09-04,12
3970,10,ORS Electrolyte Powder Sachets,Hydration / Gastrointestinal,2026-09-04,30
3971,11,Ibuprofen 400mg,Analgesic / NSAID,2026-09-04,20
3972,12,Amlodipine 5mg,Antihypertensive,2026-09-04,23
3973,1,Paracetamol 650mg (Dolo),Analgesic / Antipyretic,2026-09-05,60
3974,2,Amoxicillin 500mg,Antibiotic,2026-09-05,27
3975,3,Metformin 500mg,Antidiabetic,2026-09-05,43
3976,4,Cetirizine 10mg,Antihistamine / Allergy,2026-09-05,22
3977,5,Azithromycin 500mg,Antibiotic,2026-09-05,16
3978,6,Atorvastatin 20mg,Cardiovascular,2026-09-05,41
3979,7,Pantoprazole 40mg,Antacid / Gastrointestinal,2026-09-05,36
3980,8,Cough Syrup 100ml (Ascoril),Respiratory / Antitussive,2026-09-05,24
3981,9,Insulin Glargine 100IU/ml,Antidiabetic / Injectable,2026-09-05,12
3982,10,ORS Electrolyte Powder Sachets,Hydration / Gastrointestinal,2026-09-05,37
3983,11,Ibuprofen 400mg,Analgesic / NSAID,2026-09-05,40
3984,12,Amlodipine 5mg,Antihypertensive,2026-09-05,27
3985,1,Paracetamol 650mg (Dolo),Analgesic / Antipyretic,2026-09-06,42
3986,2,Amoxicillin 500mg,Antibiotic,2026-09-06,12
3987,3,Metformin 500mg,Antidiabetic,2026-09-06,28
3988,4,Cetirizine 10mg,Antihistamine / Allergy,2026-09-06,13
3989,5,Azithromycin 500mg,Antibiotic,2026-09-06,15
3990,6,Atorvastatin 20mg,Cardiovascular,2026-09-06,17
3991,7,Pantoprazole 40mg,Antacid / Gastrointestinal,2026-09-06,16
3992,8,Cough Syrup 100ml (Ascoril),Respiratory / Antitussive,2026-09-06,19
3993,9,Insulin Glargine 100IU/ml,Antidiabetic / Injectable,2026-09-06,1
3994,10,ORS Electrolyte Powder Sachets,Hydration / Gastrointestinal,2026-09-06,23
3995,11,Ibuprofen 400mg,Analgesic / NSAID,2026-09-06,10
3996,12,Amlodipine 5mg,Antihypertensive,2026-09-06,21
3997,1,Paracetamol 650mg (Dolo),Analgesic / Antipyretic,2026-09-07,30
3998,2,Amoxicillin 500mg,Antibiotic,2026-09-07,22
3999,3,Metformin 500mg,Antidiabetic,2026-09-07,39
4000,4,Cetirizine 10mg,Antihistamine / Allergy,2026-09-07,19
4001,5,Azithromycin 500mg,Antibiotic,2026-09-07,12
4002,6,Atorvastatin 20mg,Cardiovascular,2026-09-07,24
4003,7,Pantoprazole 40mg,Antacid / Gastrointestinal,2026-09-07,28
4004,8,Cough Syrup 100ml (Ascoril),Respiratory / Antitussive,2026-09-07,28
4005,9,Insulin Glargine 100IU/ml,Antidiabetic / Injectable,2026-09-07,4
4006,10,ORS Electrolyte Powder Sachets,Hydration / Gastrointestinal,2026-09-07,27
4007,11,Ibuprofen 400mg,Analgesic / NSAID,2026-09-07,9
4008,12,Amlodipine 5mg,Antihypertensive,2026-09-07,22
4009,1,Paracetamol 650mg (Dolo),Analgesic / Antipyretic,2026-09-08,45
4010,2,Amoxicillin 500mg,Antibiotic,2026-09-08,26
4011,3,Metformin 500mg,Antidiabetic,2026-09-08,30
4012,4,Cetirizine 10mg,Antihistamine / Allergy,2026-09-08,13
4013,5,Azithromycin 500mg,Antibiotic,2026-09-08,11
4014,6,Atorvastatin 20mg,Cardiovascular,2026-09-08,25
4015,7,Pantoprazole 40mg,Antacid / Gastrointestinal,2026-09-08,28
4016,8,Cough Syrup 100ml (Ascoril),Respiratory / Antitussive,2026-09-08,38
4017,9,Insulin Glargine 100IU/ml,Antidiabetic / Injectable,2026-09-08,6
4018,10,ORS Electrolyte Powder Sachets,Hydration / Gastrointestinal,2026-09-08,28
4019,11,Ibuprofen 400mg,Analgesic / NSAID,2026-09-08,17
4020,12,Amlodipine 5mg,Antihypertensive,2026-09-08,25
4021,1,Paracetamol 650mg (Dolo),Analgesic / Antipyretic,2026-09-09,113
4022,2,Amoxicillin 500mg,Antibiotic,2026-09-09,18
4023,3,Metformin 500mg,Antidiabetic,2026-09-09,20
4024,4,Cetirizine 10mg,Antihistamine / Allergy,2026-09-09,21
4025,5,Azithromycin 500mg,Antibiotic,2026-09-09,11
4026,6,Atorvastatin 20mg,Cardiovascular,2026-09-09,23
4027,7,Pantoprazole 40mg,Antacid / Gastrointestinal,2026-09-09,24
4028,8,Cough Syrup 100ml (Ascoril),Respiratory / Antitussive,2026-09-09,40
4029,9,Insulin Glargine 100IU/ml,Antidiabetic / Injectable,2026-09-09,10
4030,10,ORS Electrolyte Powder Sachets,Hydration / Gastrointestinal,2026-09-09,28
4031,11,Ibuprofen 400mg,Analgesic / NSAID,2026-09-09,22
4032,12,Amlodipine 5mg,Antihypertensive,2026-09-09,18
4033,1,Paracetamol 650mg (Dolo),Analgesic / Antipyretic,2026-09-10,39
4034,2,Amoxicillin 500mg,Antibiotic,2026-09-10,11
4035,3,Metformin 500mg,Antidiabetic,2026-09-10,26
4036,4,Cetirizine 10mg,Antihistamine / Allergy,2026-09-10,21
4037,5,Azithromycin 500mg,Antibiotic,2026-09-10,14
4038,6,Atorvastatin 20mg,Cardiovascular,2026-09-10,23
4039,7,Pantoprazole 40mg,Antacid / Gastrointestinal,2026-09-10,28
4040,8,Cough Syrup 100ml (Ascoril),Respiratory / Antitussive,2026-09-10,22
4041,9,Insulin Glargine 100IU/ml,Antidiabetic / Injectable,2026-09-10,7
4042,10,ORS Electrolyte Powder Sachets,Hydration / Gastrointestinal,2026-09-10,28
4043,11,Ibuprofen 400mg,Analgesic / NSAID,2026-09-10,13
4044,12,Amlodipine 5mg,Antihypertensive,2026-09-10,26
4045,1,Paracetamol 650mg (Dolo),Analgesic / Antipyretic,2026-09-11,57
4046,2,Amoxicillin 500mg,Antibiotic,2026-09-11,22
4047,3,Metformin 500mg,Antidiabetic,2026-09-11,34
4048,4,Cetirizine 10mg,Antihistamine / Allergy,2026-09-11,28
4049,5,Azithromycin 500mg,Antibiotic,2026-09-11,13
4050,6,Atorvastatin 20mg,Cardiovascular,2026-09-11,26
4051,7,Pantoprazole 40mg,Antacid / Gastrointestinal,2026-09-11,24
4052,8,Cough Syrup 100ml (Ascoril),Respiratory / Antitussive,2026-09-11,26
4053,9,Insulin Glargine 100IU/ml,Antidiabetic / Injectable,2026-09-11,8
4054,10,ORS Electrolyte Powder Sachets,Hydration / Gastrointestinal,2026-09-11,42
4055,11,Ibuprofen 400mg,Analgesic / NSAID,2026-09-11,15
4056,12,Amlodipine 5mg,Antihypertensive,2026-09-11,26
4057,1,Paracetamol 650mg (Dolo),Analgesic / Antipyretic,2026-09-12,72
4058,2,Amoxicillin 500mg,Antibiotic,2026-09-12,30
4059,3,Metformin 500mg,Antidiabetic,2026-09-12,41
4060,4,Cetirizine 10mg,Antihistamine / Allergy,2026-09-12,20
4061,5,Azithromycin 500mg,Antibiotic,2026-09-12,18
4062,6,Atorvastatin 20mg,Cardiovascular,2026-09-12,29
4063,7,Pantoprazole 40mg,Antacid / Gastrointestinal,2026-09-12,27
4064,8,Cough Syrup 100ml (Ascoril),Respiratory / Antitussive,2026-09-12,31
4065,9,Insulin Glargine 100IU/ml,Antidiabetic / Injectable,2026-09-12,6
4066,10,ORS Electrolyte Powder Sachets,Hydration / Gastrointestinal,2026-09-12,25
4067,11,Ibuprofen 400mg,Analgesic / NSAID,2026-09-12,23
4068,12,Amlodipine 5mg,Antihypertensive,2026-09-12,31
4069,1,Paracetamol 650mg (Dolo),Analgesic / Antipyretic,2026-09-13,32
4070,2,Amoxicillin 500mg,Antibiotic,2026-09-13,24
4071,3,Metformin 500mg,Antidiabetic,2026-09-13,28
4072,4,Cetirizine 10mg,Antihistamine / Allergy,2026-09-13,13
4073,5,Azithromycin 500mg,Antibiotic,2026-09-13,7
4074,6,Atorvastatin 20mg,Cardiovascular,2026-09-13,19
4075,7,Pantoprazole 40mg,Antacid / Gastrointestinal,2026-09-13,21
4076,8,Cough Syrup 100ml (Ascoril),Respiratory / Antitussive,2026-09-13,22
4077,9,Insulin Glargine 100IU/ml,Antidiabetic / Injectable,2026-09-13,5
4078,10,ORS Electrolyte Powder Sachets,Hydration / Gastrointestinal,2026-09-13,13
4079,11,Ibuprofen 400mg,Analgesic / NSAID,2026-09-13,15
4080,12,Amlodipine 5mg,Antihypertensive,2026-09-13,20
4081,1,Paracetamol 650mg (Dolo),Analgesic / Antipyretic,2026-09-14,55
4082,2,Amoxicillin 500mg,Antibiotic,2026-09-14,21
4083,3,Metformin 500mg,Antidiabetic,2026-09-14,39
4084,4,Cetirizine 10mg,Antihistamine / Allergy,2026-09-14,12
4085,5,Azithromycin 500mg,Antibiotic,2026-09-14,17
4086,6,Atorvastatin 20mg,Cardiovascular,2026-09-14,23
4087,7,Pantoprazole 40mg,Antacid / Gastrointestinal,2026-09-14,32
4088,8,Cough Syrup 100ml (Ascoril),Respiratory / Antitussive,2026-09-14,26
4089,9,Insulin Glargine 100IU/ml,Antidiabetic / Injectable,2026-09-14,9
4090,10,ORS Electrolyte Powder Sachets,Hydration / Gastrointestinal,2026-09-14,23
4091,11,Ibuprofen 400mg,Analgesic / NSAID,2026-09-14,15
4092,12,Amlodipine 5mg,Antihypertensive,2026-09-14,32
4093,1,Paracetamol 650mg (Dolo),Analgesic / Antipyretic,2026-09-15,48
4094,2,Amoxicillin 500mg,Antibiotic,2026-09-15,26
4095,3,Metformin 500mg,Antidiabetic,2026-09-15,37
4096,4,Cetirizine 10mg,Antihistamine / Allergy,2026-09-15,15
4097,5,Azithromycin 500mg,Antibiotic,2026-09-15,15
4098,6,Atorvastatin 20mg,Cardiovascular,2026-09-15,21
4099,7,Pantoprazole 40mg,Antacid / Gastrointestinal,2026-09-15,27
4100,8,Cough Syrup 100ml (Ascoril),Respiratory / Antitussive,2026-09-15,26
4101,9,Insulin Glargine 100IU/ml,Antidiabetic / Injectable,2026-09-15,4
4102,10,ORS Electrolyte Powder Sachets,Hydration / Gastrointestinal,2026-09-15,21
4103,11,Ibuprofen 400mg,Analgesic / NSAID,2026-09-15,24
4104,12,Amlodipine 5mg,Antihypertensive,2026-09-15,29
4105,1,Paracetamol 650mg (Dolo),Analgesic / Antipyretic,2026-09-16,48
4106,2,Amoxicillin 500mg,Antibiotic,2026-09-16,26
4107,3,Metformin 500mg,Antidiabetic,2026-09-16,28
4108,4,Cetirizine 10mg,Antihistamine / Allergy,2026-09-16,23
4109,5,Azithromycin 500mg,Antibiotic,2026-09-16,22
4110,6,Atorvastatin 20mg,Cardiovascular,2026-09-16,25
4111,7,Pantoprazole 40mg,Antacid / Gastrointestinal,2026-09-16,34
4112,8,Cough Syrup 100ml (Ascoril),Respiratory / Antitussive,2026-09-16,22
4113,9,Insulin Glargine 100IU/ml,Antidiabetic / Injectable,2026-09-16,10
4114,10,ORS Electrolyte Powder Sachets,Hydration / Gastrointestinal,2026-09-16,18
4115,11,Ibuprofen 400mg,Analgesic / NSAID,2026-09-16,25
4116,12,Amlodipine 5mg,Antihypertensive,2026-09-16,23
4117,1,Paracetamol 650mg (Dolo),Analgesic / Antipyretic,2026-09-17,47
4118,2,Amoxicillin 500mg,Antibiotic,2026-09-17,16
4119,3,Metformin 500mg,Antidiabetic,2026-09-17,28
4120,4,Cetirizine 10mg,Antihistamine / Allergy,2026-09-17,15
4121,5,Azithromycin 500mg,Antibiotic,2026-09-17,12
4122,6,Atorvastatin 20mg,Cardiovascular,2026-09-17,23
4123,7,Pantoprazole 40mg,Antacid / Gastrointestinal,2026-09-17,33
4124,8,Cough Syrup 100ml (Ascoril),Respiratory / Antitussive,2026-09-17,26
4125,9,Insulin Glargine 100IU/ml,Antidiabetic / Injectable,2026-09-17,7
4126,10,ORS Electrolyte Powder Sachets,Hydration / Gastrointestinal,2026-09-17,20
4127,11,Ibuprofen 400mg,Analgesic / NSAID,2026-09-17,16
4128,12,Amlodipine 5mg,Antihypertensive,2026-09-17,33
4129,1,Paracetamol 650mg (Dolo),Analgesic / Antipyretic,2026-09-18,42
4130,2,Amoxicillin 500mg,Antibiotic,2026-09-18,33
4131,3,Metformin 500mg,Antidiabetic,2026-09-18,29
4132,4,Cetirizine 10mg,Antihistamine / Allergy,2026-09-18,18
4133,5,Azithromycin 500mg,Antibiotic,2026-09-18,16
4134,6,Atorvastatin 20mg,Cardiovascular,2026-09-18,30
4135,7,Pantoprazole 40mg,Antacid / Gastrointestinal,2026-09-18,27
4136,8,Cough Syrup 100ml (Ascoril),Respiratory / Antitussive,2026-09-18,24
4137,9,Insulin Glargine 100IU/ml,Antidiabetic / Injectable,2026-09-18,7
4138,10,ORS Electrolyte Powder Sachets,Hydration / Gastrointestinal,2026-09-18,26
4139,11,Ibuprofen 400mg,Analgesic / NSAID,2026-09-18,22
4140,12,Amlodipine 5mg,Antihypertensive,2026-09-18,25
4141,1,Paracetamol 650mg (Dolo),Analgesic / Antipyretic,2026-09-19,63
4142,2,Amoxicillin 500mg,Antibiotic,2026-09-19,38
4143,3,Metformin 500mg,Antidiabetic,2026-09-19,37
4144,4,Cetirizine 10mg,Antihistamine / Allergy,2026-09-19,22
4145,5,Azithromycin 500mg,Antibiotic,2026-09-19,12
4146,6,Atorvastatin 20mg,Cardiovascular,2026-09-19,14
4147,7,Pantoprazole 40mg,Antacid / Gastrointestinal,2026-09-19,35
4148,8,Cough Syrup 100ml (Ascoril),Respiratory / Antitussive,2026-09-19,29
4149,9,Insulin Glargine 100IU/ml,Antidiabetic / Injectable,2026-09-19,7
4150,10,ORS Electrolyte Powder Sachets,Hydration / Gastrointestinal,2026-09-19,30
4151,11,Ibuprofen 400mg,Analgesic / NSAID,2026-09-19,22
4152,12,Amlodipine 5mg,Antihypertensive,2026-09-19,58
4153,1,Paracetamol 650mg (Dolo),Analgesic / Antipyretic,2026-09-20,41
4154,2,Amoxicillin 500mg,Antibiotic,2026-09-20,18
4155,3,Metformin 500mg,Antidiabetic,2026-09-20,30
4156,4,Cetirizine 10mg,Antihistamine / Allergy,2026-09-20,24
4157,5,Azithromycin 500mg,Antibiotic,2026-09-20,13
4158,6,Atorvastatin 20mg,Cardiovascular,2026-09-20,18
4159,7,Pantoprazole 40mg,Antacid / Gastrointestinal,2026-09-20,21
4160,8,Cough Syrup 100ml (Ascoril),Respiratory / Antitussive,2026-09-20,21
4161,9,Insulin Glargine 100IU/ml,Antidiabetic / Injectable,2026-09-20,5
4162,10,ORS Electrolyte Powder Sachets,Hydration / Gastrointestinal,2026-09-20,22
4163,11,Ibuprofen 400mg,Analgesic / NSAID,2026-09-20,15
4164,12,Amlodipine 5mg,Antihypertensive,2026-09-20,14
4165,1,Paracetamol 650mg (Dolo),Analgesic / Antipyretic,2026-09-21,45
4166,2,Amoxicillin 500mg,Antibiotic,2026-09-21,29
4167,3,Metformin 500mg,Antidiabetic,2026-09-21,28
4168,4,Cetirizine 10mg,Antihistamine / Allergy,2026-09-21,17
4169,5,Azithromycin 500mg,Antibiotic,2026-09-21,15
4170,6,Atorvastatin 20mg,Cardiovascular,2026-09-21,21
4171,7,Pantoprazole 40mg,Antacid / Gastrointestinal,2026-09-21,20
4172,8,Cough Syrup 100ml (Ascoril),Respiratory / Antitussive,2026-09-21,25
4173,9,Insulin Glargine 100IU/ml,Antidiabetic / Injectable,2026-09-21,6
4174,10,ORS Electrolyte Powder Sachets,Hydration / Gastrointestinal,2026-09-21,20
4175,11,Ibuprofen 400mg,Analgesic / NSAID,2026-09-21,18
4176,12,Amlodipine 5mg,Antihypertensive,2026-09-21,27
4177,1,Paracetamol 650mg (Dolo),Analgesic / Antipyretic,2026-09-22,49
4178,2,Amoxicillin 500mg,Antibiotic,2026-09-22,27
4179,3,Metformin 500mg,Antidiabetic,2026-09-22,40
4180,4,Cetirizine 10mg,Antihistamine / Allergy,2026-09-22,17
4181,5,Azithromycin 500mg,Antibiotic,2026-09-22,14
4182,6,Atorvastatin 20mg,Cardiovascular,2026-09-22,22
4183,7,Pantoprazole 40mg,Antacid / Gastrointestinal,2026-09-22,24
4184,8,Cough Syrup 100ml (Ascoril),Respiratory / Antitussive,2026-09-22,23
4185,9,Insulin Glargine 100IU/ml,Antidiabetic / Injectable,2026-09-22,6
4186,10,ORS Electrolyte Powder Sachets,Hydration / Gastrointestinal,2026-09-22,26
4187,11,Ibuprofen 400mg,Analgesic / NSAID,2026-09-22,27
4188,12,Amlodipine 5mg,Antihypertensive,2026-09-22,22
4189,1,Paracetamol 650mg (Dolo),Analgesic / Antipyretic,2026-09-23,45
4190,2,Amoxicillin 500mg,Antibiotic,2026-09-23,26
4191,3,Metformin 500mg,Antidiabetic,2026-09-23,32
4192,4,Cetirizine 10mg,Antihistamine / Allergy,2026-09-23,19
4193,5,Azithromycin 500mg,Antibiotic,2026-09-23,17
4194,6,Atorvastatin 20mg,Cardiovascular,2026-09-23,13
4195,7,Pantoprazole 40mg,Antacid / Gastrointestinal,2026-09-23,16
4196,8,Cough Syrup 100ml (Ascoril),Respiratory / Antitussive,2026-09-23,23
4197,9,Insulin Glargine 100IU/ml,Antidiabetic / Injectable,2026-09-23,9
4198,10,ORS Electrolyte Powder Sachets,Hydration / Gastrointestinal,2026-09-23,17
4199,11,Ibuprofen 400mg,Analgesic / NSAID,2026-09-23,8
4200,12,Amlodipine 5mg,Antihypertensive,2026-09-23,28
4201,1,Paracetamol 650mg (Dolo),Analgesic / Antipyretic,2026-09-24,51
4202,2,Amoxicillin 500mg,Antibiotic,2026-09-24,21
4203,3,Metformin 500mg,Antidiabetic,2026-09-24,25
4204,4,Cetirizine 10mg,Antihistamine / Allergy,2026-09-24,15
4205,5,Azithromycin 500mg,Antibiotic,2026-09-24,14
4206,6,Atorvastatin 20mg,Cardiovascular,2026-09-24,21
4207,7,Pantoprazole 40mg,Antacid / Gastrointestinal,2026-09-24,31
4208,8,Cough Syrup 100ml (Ascoril),Respiratory / Antitussive,2026-09-24,12
4209,9,Insulin Glargine 100IU/ml,Antidiabetic / Injectable,2026-09-24,5
4210,10,ORS Electrolyte Powder Sachets,Hydration / Gastrointestinal,2026-09-24,19
4211,11,Ibuprofen 400mg,Analgesic / NSAID,2026-09-24,18
4212,12,Amlodipine 5mg,Antihypertensive,2026-09-24,23
4213,1,Paracetamol 650mg (Dolo),Analgesic / Antipyretic,2026-09-25,56
4214,2,Amoxicillin 500mg,Antibiotic,2026-09-25,17
4215,3,Metformin 500mg,Antidiabetic,2026-09-25,30
4216,4,Cetirizine 10mg,Antihistamine / Allergy,2026-09-25,20
4217,5,Azithromycin 500mg,Antibiotic,2026-09-25,19
4218,6,Atorvastatin 20mg,Cardiovascular,2026-09-25,22
4219,7,Pantoprazole 40mg,Antacid / Gastrointestinal,2026-09-25,30
4220,8,Cough Syrup 100ml (Ascoril),Respiratory / Antitussive,2026-09-25,17
4221,9,Insulin Glargine 100IU/ml,Antidiabetic / Injectable,2026-09-25,2
4222,10,ORS Electrolyte Powder Sachets,Hydration / Gastrointestinal,2026-09-25,28
4223,11,Ibuprofen 400mg,Analgesic / NSAID,2026-09-25,19
4224,12,Amlodipine 5mg,Antihypertensive,2026-09-25,30
4225,1,Paracetamol 650mg (Dolo),Analgesic / Antipyretic,2026-09-26,43
4226,2,Amoxicillin 500mg,Antibiotic,2026-09-26,34
4227,3,Metformin 500mg,Antidiabetic,2026-09-26,47
4228,4,Cetirizine 10mg,Antihistamine / Allergy,2026-09-26,23
4229,5,Azithromycin 500mg,Antibiotic,2026-09-26,17
4230,6,Atorvastatin 20mg,Cardiovascular,2026-09-26,28
4231,7,Pantoprazole 40mg,Antacid / Gastrointestinal,2026-09-26,23
4232,8,Cough Syrup 100ml (Ascoril),Respiratory / Antitussive,2026-09-26,37
4233,9,Insulin Glargine 100IU/ml,Antidiabetic / Injectable,2026-09-26,7
4234,10,ORS Electrolyte Powder Sachets,Hydration / Gastrointestinal,2026-09-26,31
4235,11,Ibuprofen 400mg,Analgesic / NSAID,2026-09-26,16
4236,12,Amlodipine 5mg,Antihypertensive,2026-09-26,23
4237,1,Paracetamol 650mg (Dolo),Analgesic / Antipyretic,2026-09-27,51
4238,2,Amoxicillin 500mg,Antibiotic,2026-09-27,21
4239,3,Metformin 500mg,Antidiabetic,2026-09-27,36
4240,4,Cetirizine 10mg,Antihistamine / Allergy,2026-09-27,15
4241,5,Azithromycin 500mg,Antibiotic,2026-09-27,8
4242,6,Atorvastatin 20mg,Cardiovascular,2026-09-27,27
4243,7,Pantoprazole 40mg,Antacid / Gastrointestinal,2026-09-27,21
4244,8,Cough Syrup 100ml (Ascoril),Respiratory / Antitussive,2026-09-27,24
4245,9,Insulin Glargine 100IU/ml,Antidiabetic / Injectable,2026-09-27,6
4246,10,ORS Electrolyte Powder Sachets,Hydration / Gastrointestinal,2026-09-27,15
4247,11,Ibuprofen 400mg,Analgesic / NSAID,2026-09-27,19
4248,12,Amlodipine 5mg,Antihypertensive,2026-09-27,34
4249,1,Paracetamol 650mg (Dolo),Analgesic / Antipyretic,2026-09-28,53
4250,2,Amoxicillin 500mg,Antibiotic,2026-09-28,26
4251,3,Metformin 500mg,Antidiabetic,2026-09-28,42
4252,4,Cetirizine 10mg,Antihistamine / Allergy,2026-09-28,19
4253,5,Azithromycin 500mg,Antibiotic,2026-09-28,14
4254,6,Atorvastatin 20mg,Cardiovascular,2026-09-28,22
4255,7,Pantoprazole 40mg,Antacid / Gastrointestinal,2026-09-28,29
4256,8,Cough Syrup 100ml (Ascoril),Respiratory / Antitussive,2026-09-28,30
4257,9,Insulin Glargine 100IU/ml,Antidiabetic / Injectable,2026-09-28,6
4258,10,ORS Electrolyte Powder Sachets,Hydration / Gastrointestinal,2026-09-28,31
4259,11,Ibuprofen 400mg,Analgesic / NSAID,2026-09-28,21
4260,12,Amlodipine 5mg,Antihypertensive,2026-09-28,24
4261,1,Paracetamol 650mg (Dolo),Analgesic / Antipyretic,2026-09-29,58
4262,2,Amoxicillin 500mg,Antibiotic,2026-09-29,25
4263,3,Metformin 500mg,Antidiabetic,2026-09-29,40
4264,4,Cetirizine 10mg,Antihistamine / Allergy,2026-09-29,17
4265,5,Azithromycin 500mg,Antibiotic,2026-09-29,14
4266,6,Atorvastatin 20mg,Cardiovascular,2026-09-29,30
4267,7,Pantoprazole 40mg,Antacid / Gastrointestinal,2026-09-29,30
4268,8,Cough Syrup 100ml (Ascoril),Respiratory / Antitussive,2026-09-29,16
4269,9,Insulin Glargine 100IU/ml,Antidiabetic / Injectable,2026-09-29,5
4270,10,ORS Electrolyte Powder Sachets,Hydration / Gastrointestinal,2026-09-29,29
4271,11,Ibuprofen 400mg,Analgesic / NSAID,2026-09-29,21
4272,12,Amlodipine 5mg,Antihypertensive,2026-09-29,26
4273,1,Paracetamol 650mg (Dolo),Analgesic / Antipyretic,2026-09-30,37
4274,2,Amoxicillin 500mg,Antibiotic,2026-09-30,21
4275,3,Metformin 500mg,Antidiabetic,2026-09-30,22
4276,4,Cetirizine 10mg,Antihistamine / Allergy,2026-09-30,18
4277,5,Azithromycin 500mg,Antibiotic,2026-09-30,11
4278,6,Atorvastatin 20mg,Cardiovascular,2026-09-30,23
4279,7,Pantoprazole 40mg,Antacid / Gastrointestinal,2026-09-30,28
4280,8,Cough Syrup 100ml (Ascoril),Respiratory / Antitussive,2026-09-30,27
4281,9,Insulin Glargine 100IU/ml,Antidiabetic / Injectable,2026-09-30,12
4282,10,ORS Electrolyte Powder Sachets,Hydration / Gastrointestinal,2026-09-30,18
4283,11,Ibuprofen 400mg,Analgesic / NSAID,2026-09-30,26
4284,12,Amlodipine 5mg,Antihypertensive,2026-09-30,34
4285,1,Paracetamol 650mg (Dolo),Analgesic / Antipyretic,2026-10-01,36
4286,2,Amoxicillin 500mg,Antibiotic,2026-10-01,46
4287,3,Metformin 500mg,Antidiabetic,2026-10-01,32
4288,4,Cetirizine 10mg,Antihistamine / Allergy,2026-10-01,18
4289,5,Azithromycin 500mg,Antibiotic,2026-10-01,17
4290,6,Atorvastatin 20mg,Cardiovascular,2026-10-01,31
4291,7,Pantoprazole 40mg,Antacid / Gastrointestinal,2026-10-01,35
4292,8,Cough Syrup 100ml (Ascoril),Respiratory / Antitussive,2026-10-01,20
4293,9,Insulin Glargine 100IU/ml,Antidiabetic / Injectable,2026-10-01,5
4294,10,ORS Electrolyte Powder Sachets,Hydration / Gastrointestinal,2026-10-01,24
4295,11,Ibuprofen 400mg,Analgesic / NSAID,2026-10-01,27
4296,12,Amlodipine 5mg,Antihypertensive,2026-10-01,21
4297,1,Paracetamol 650mg (Dolo),Analgesic / Antipyretic,2026-10-02,34
4298,2,Amoxicillin 500mg,Antibiotic,2026-10-02,28
4299,3,Metformin 500mg,Antidiabetic,2026-10-02,28
4300,4,Cetirizine 10mg,Antihistamine / Allergy,2026-10-02,15
4301,5,Azithromycin 500mg,Antibiotic,2026-10-02,12
4302,6,Atorvastatin 20mg,Cardiovascular,2026-10-02,21
4303,7,Pantoprazole 40mg,Antacid / Gastrointestinal,2026-10-02,27
4304,8,Cough Syrup 100ml (Ascoril),Respiratory / Antitussive,2026-10-02,25
4305,9,Insulin Glargine 100IU/ml,Antidiabetic / Injectable,2026-10-02,5
4306,10,ORS Electrolyte Powder Sachets,Hydration / Gastrointestinal,2026-10-02,17
4307,11,Ibuprofen 400mg,Analgesic / NSAID,2026-10-02,19
4308,12,Amlodipine 5mg,Antihypertensive,2026-10-02,33
4309,1,Paracetamol 650mg (Dolo),Analgesic / Antipyretic,2026-10-03,47
4310,2,Amoxicillin 500mg,Antibiotic,2026-10-03,29
4311,3,Metformin 500mg,Antidiabetic,2026-10-03,41
4312,4,Cetirizine 10mg,Antihistamine / Allergy,2026-10-03,14
4313,5,Azithromycin 500mg,Antibiotic,2026-10-03,17
4314,6,Atorvastatin 20mg,Cardiovascular,2026-10-03,34
4315,7,Pantoprazole 40mg,Antacid / Gastrointestinal,2026-10-03,35
4316,8,Cough Syrup 100ml (Ascoril),Respiratory / Antitussive,2026-10-03,30
4317,9,Insulin Glargine 100IU/ml,Antidiabetic / Injectable,2026-10-03,7
4318,10,ORS Electrolyte Powder Sachets,Hydration / Gastrointestinal,2026-10-03,34
4319,11,Ibuprofen 400mg,Analgesic / NSAID,2026-10-03,26
4320,12,Amlodipine 5mg,Antihypertensive,2026-10-03,31
4321,1,Paracetamol 650mg (Dolo),Analgesic / Antipyretic,2026-10-04,35
4322,2,Amoxicillin 500mg,Antibiotic,2026-10-04,22
4323,3,Metformin 500mg,Antidiabetic,2026-10-04,35
4324,4,Cetirizine 10mg,Antihistamine / Allergy,2026-10-04,12
4325,5,Azithromycin 500mg,Antibiotic,2026-10-04,9
4326,6,Atorvastatin 20mg,Cardiovascular,2026-10-04,27
4327,7,Pantoprazole 40mg,Antacid / Gastrointestinal,2026-10-04,24
4328,8,Cough Syrup 100ml (Ascoril),Respiratory / Antitussive,2026-10-04,21
4329,9,Insulin Glargine 100IU/ml,Antidiabetic / Injectable,2026-10-04,10
4330,10,ORS Electrolyte Powder Sachets,Hydration / Gastrointestinal,2026-10-04,19
4331,11,Ibuprofen 400mg,Analgesic / NSAID,2026-10-04,20
4332,12,Amlodipine 5mg,Antihypertensive,2026-10-04,19
4333,1,Paracetamol 650mg (Dolo),Analgesic / Antipyretic,2026-10-05,47
4334,2,Amoxicillin 500mg,Antibiotic,2026-10-05,28
4335,3,Metformin 500mg,Antidiabetic,2026-10-05,38
4336,4,Cetirizine 10mg,Antihistamine / Allergy,2026-10-05,16
4337,5,Azithromycin 500mg,Antibiotic,2026-10-05,9
4338,6,Atorvastatin 20mg,Cardiovascular,2026-10-05,30
4339,7,Pantoprazole 40mg,Antacid / Gastrointestinal,2026-10-05,20
4340,8,Cough Syrup 100ml (Ascoril),Respiratory / Antitussive,2026-10-05,20
4341,9,Insulin Glargine 100IU/ml,Antidiabetic / Injectable,2026-10-05,10
4342,10,ORS Electrolyte Powder Sachets,Hydration / Gastrointestinal,2026-10-05,25
4343,11,Ibuprofen 400mg,Analgesic / NSAID,2026-10-05,30
4344,12,Amlodipine 5mg,Antihypertensive,2026-10-05,34
4345,1,Paracetamol 650mg (Dolo),Analgesic / Antipyretic,2026-10-06,61
4346,2,Amoxicillin 500mg,Antibiotic,2026-10-06,27
4347,3,Metformin 500mg,Antidiabetic,2026-10-06,30
4348,4,Cetirizine 10mg,Antihistamine / Allergy,2026-10-06,13
4349,5,Azithromycin 500mg,Antibiotic,2026-10-06,10
4350,6,Atorvastatin 20mg,Cardiovascular,2026-10-06,22
4351,7,Pantoprazole 40mg,Antacid / Gastrointestinal,2026-10-06,20
4352,8,Cough Syrup 100ml (Ascoril),Respiratory / Antitussive,2026-10-06,22
4353,9,Insulin Glargine 100IU/ml,Antidiabetic / Injectable,2026-10-06,6
4354,10,ORS Electrolyte Powder Sachets,Hydration / Gastrointestinal,2026-10-06,17
4355,11,Ibuprofen 400mg,Analgesic / NSAID,2026-10-06,20
4356,12,Amlodipine 5mg,Antihypertensive,2026-10-06,28
4357,1,Paracetamol 650mg (Dolo),Analgesic / Antipyretic,2026-10-07,43
4358,2,Amoxicillin 500mg,Antibiotic,2026-10-07,43
4359,3,Metformin 500mg,Antidiabetic,2026-10-07,33
4360,4,Cetirizine 10mg,Antihistamine / Allergy,2026-10-07,20
4361,5,Azithromycin 500mg,Antibiotic,2026-10-07,13
4362,6,Atorvastatin 20mg,Cardiovascular,2026-10-07,20
4363,7,Pantoprazole 40mg,Antacid / Gastrointestinal,2026-10-07,34
4364,8,Cough Syrup 100ml (Ascoril),Respiratory / Antitussive,2026-10-07,26
4365,9,Insulin Glargine 100IU/ml,Antidiabetic / Injectable,2026-10-07,5
4366,10,ORS Electrolyte Powder Sachets,Hydration / Gastrointestinal,2026-10-07,34
4367,11,Ibuprofen 400mg,Analgesic / NSAID,2026-10-07,28
4368,12,Amlodipine 5mg,Antihypertensive,2026-10-07,25
4369,1,Paracetamol 650mg (Dolo),Analgesic / Antipyretic,2026-10-08,37
4370,2,Amoxicillin 500mg,Antibiotic,2026-10-08,29
4371,3,Metformin 500mg,Antidiabetic,2026-10-08,21
4372,4,Cetirizine 10mg,Antihistamine / Allergy,2026-10-08,16
4373,5,Azithromycin 500mg,Antibiotic,2026-10-08,10
4374,6,Atorvastatin 20mg,Cardiovascular,2026-10-08,25
4375,7,Pantoprazole 40mg,Antacid / Gastrointestinal,2026-10-08,38
4376,8,Cough Syrup 100ml (Ascoril),Respiratory / Antitussive,2026-10-08,24
4377,9,Insulin Glargine 100IU/ml,Antidiabetic / Injectable,2026-10-08,2
4378,10,ORS Electrolyte Powder Sachets,Hydration / Gastrointestinal,2026-10-08,34
4379,11,Ibuprofen 400mg,Analgesic / NSAID,2026-10-08,20
4380,12,Amlodipine 5mg,Antihypertensive,2026-10-08,21
